-- MySQL dump 10.13  Distrib 8.0.13, for Win64 (x86_64)
--
-- Host: 127.0.0.1    Database: computer_store
-- ------------------------------------------------------
-- Server version	8.0.13

/*!40101 SET @OLD_CHARACTER_SET_CLIENT=@@CHARACTER_SET_CLIENT */;
/*!40101 SET @OLD_CHARACTER_SET_RESULTS=@@CHARACTER_SET_RESULTS */;
/*!40101 SET @OLD_COLLATION_CONNECTION=@@COLLATION_CONNECTION */;
 SET NAMES utf8 ;
/*!40103 SET @OLD_TIME_ZONE=@@TIME_ZONE */;
/*!40103 SET TIME_ZONE='+00:00' */;
/*!40014 SET @OLD_UNIQUE_CHECKS=@@UNIQUE_CHECKS, UNIQUE_CHECKS=0 */;
/*!40014 SET @OLD_FOREIGN_KEY_CHECKS=@@FOREIGN_KEY_CHECKS, FOREIGN_KEY_CHECKS=0 */;
/*!40101 SET @OLD_SQL_MODE=@@SQL_MODE, SQL_MODE='NO_AUTO_VALUE_ON_ZERO' */;
/*!40111 SET @OLD_SQL_NOTES=@@SQL_NOTES, SQL_NOTES=0 */;

--
-- Table structure for table `account`
--

DROP TABLE IF EXISTS `account`;
/*!40101 SET @saved_cs_client     = @@character_set_client */;
 SET character_set_client = utf8mb4 ;
CREATE TABLE `account` (
  `id` bigint(20) NOT NULL AUTO_INCREMENT,
  `active` bit(1) NOT NULL,
  `login` varchar(255) DEFAULT NULL,
  `password` varchar(255) DEFAULT NULL,
  PRIMARY KEY (`id`)
) ENGINE=InnoDB AUTO_INCREMENT=103 DEFAULT CHARSET=utf8mb4 COLLATE=utf8mb4_0900_ai_ci;
/*!40101 SET character_set_client = @saved_cs_client */;

--
-- Dumping data for table `account`
--

LOCK TABLES `account` WRITE;
/*!40000 ALTER TABLE `account` DISABLE KEYS */;
INSERT INTO `account` VALUES (1,_binary '','vlad','$2a$08$lELh3yPqpGxU1EShgNtnaekg1rHg.W9y.UNsQIlUk/6Oe4AGlZzG.'),(2,_binary '','myong.schulist','$2a$08$VjXs3unpQXw4ExclvykHlOPNAqtOvGr1i7CFhgw3rSnNrlkTMqiLC'),(3,_binary '','chang.heathcote','$2a$08$FM2a4Zx8IGQDjejthbXzxufdP8Ic68zRrmA0DMEdSzaY2QFWKafm6'),(4,_binary '','lynn.mccullough','$2a$08$FgzLDgYd8i/rEXGYXp7J3evzLFmbuV7Br2OBDr3n/TSW0MVZrOdUq'),(5,_binary '','dwight.kilback','$2a$08$Qcgt2p2WR2iRfXftXKptZ.705f5Mcm3mighkvGk2j1jet/ZlAaINq'),(6,_binary '','jesse.graham','$2a$08$gsU.Yxn3Vk9HgfljwptpCO7HETzD1kjLWGkSxBo0edAsyTNNiCyd6'),(7,_binary '','delena.kris','$2a$08$OS/OweqFTVoQgKoi2WWZmOKxIL.hx4Ec9oyPkbGjof5GEGStx/YPy'),(8,_binary '','melynda.kuhlman','$2a$08$APOZNSM0eFAMkJ2ksSA.ee3zTw6Xm0sVMmtKpEWFVnCHcFECnIOsu'),(9,_binary '','terrell.goyette','$2a$08$VutwCRf43zcJYbsNCeU64uVAtpumjzdlA2fwSkTnWE3M34LQEF1u6'),(10,_binary '','perry.effertz','$2a$08$yuiO2lsS/bfhlIkM4uJ6ZOiJYAy1Cj/mQ8TTwCtMxmmCJQpKsdxzm'),(11,_binary '','erick.hermiston','$2a$08$RyEvTCSYaDpyWryHzx64eu9DWWQ8SZqsBS9ZpAKBWJJMnAzvU59cm'),(12,_binary '','ranae.herzog','$2a$08$TvEbRoTsQvpZvtR0/RaQpOpPGI4/4QzCvAKD71mZMyINHmAOEhzUm'),(13,_binary '','john.mcdermott','$2a$08$DokE0S6HRy2UAW9Il1Zn.ukmd2yS90YrTNHuIwTh.rw.1CZF.gOOa'),(14,_binary '','raisa.ohara','$2a$08$ObCuCzfMVWYDXSWcySRgre.FIVTHzVLIRj4VXvJNIO2sxVobdZ1Mq'),(15,_binary '','maple.weber','$2a$08$SErfzFhIfhxoSnHoIV.xAewFy/JpWSpVs.r8p6n75RSk3HeKmAysK'),(16,_binary '','stacy.armstrong','$2a$08$okp.nKniAAUGXJPRWwnvBOOnu2ROdCz.LIG74bcmrxiKc3XAVfLm2'),(17,_binary '','gayle.dietrich','$2a$08$Tf06umiyiy9bxOesjrMeF.6BMtLY.wsZHa2sM08gcz8Jp6jgq73OW'),(18,_binary '','grover.tromp','$2a$08$MlvldYLfhdts.wqng88l.OoSbddzHb/5h3YzpNb2aJYKcV/nLkzPC'),(19,_binary '','darrel.mueller','$2a$08$2PmliEnol.J.ShbPJzvDKOd.i2FmXzaxPGhInnZvfDXYJ02/bZA8K'),(20,_binary '','beau.bergstrom','$2a$08$p1ebFa4D5ArTU7A9/Yj6H.60SoZCGnbPKzDsvCx5N0g756/SYPD8W'),(21,_binary '','spencer.olson','$2a$08$AxlWhThgFL0BzZPyIXz12u9fFwpHzY/Fgg8ELBG5Etd701zL12I4G'),(22,_binary '','gayla.pollich','$2a$08$kD4z4J3l.qxnirdUwEeHKefn/IsQr1XdThi4/Xfs1uRWIGnmaTuFK'),(23,_binary '','allena.doyle','$2a$08$yHlibGg2rM.uTACTCI7i2eSGrWY/OWWuZ35Gw331ubky4VM/P3Ckq'),(24,_binary '','melynda.hayes','$2a$08$KJjMHQjq11CsUoOFBe.wiOOx7Y7SRXwJeUyCS1smY6U/DI44nIVW.'),(25,_binary '','crista.zboncak','$2a$08$iZ.3Y.M/kHCPCOaoK6tUguLsO2gitMjCpciGsVtQsts7lG41eK1wi'),(26,_binary '','adena.heathcote','$2a$08$xwULAYUpcIxHJ3jkHwgB0eTzxV1sEt2S3sszBJq0iogluL/EJSvGG'),(27,_binary '','un.wunsch','$2a$08$4KXR8z/mf5Z9qdRHIYoGw.rQ2vR9m5KFP7tU87B76oaDq6TKF9wJS'),(28,_binary '','elvin.reichel','$2a$08$9uByUbFi4xUdupUtuffw4OUBlzWfLsF3S2H9uWSP1s1m6JskQ1sHa'),(29,_binary '','ora.treutel','$2a$08$tg7dU.lIsuNZnVNvY7rHCOGkT7hkBzGDswTYMmCkBhuzXNQ/nz6.i'),(30,_binary '','letitia.towne','$2a$08$vh0sDQhFAkzg/LRoIwwbFeZ/6.AHtoZCp1Dkce4U7YFnR69O0Qszq'),(31,_binary '','thanh.luettgen','$2a$08$T3VTxQz3U.Pd44ulj.GH2ezy6H6W6.ZWK92KLjXUVOzbyiZUGyKZq'),(32,_binary '','edmond.kemmer','$2a$08$nOUrW1ha37BIror4CSt7AO0xYc3kjWdcf1FT8IzJhe0DK3CaeGe.q'),(33,_binary '','laverne.emard','$2a$08$fkuu/8px8B/p0w.OqkT/5utaui3FEJLoRuPsuYM5NfMXbZmcUcSau'),(34,_binary '','meri.deckow','$2a$08$fIP8CxApqaOm/0oSfYurv.yq4vVu3cPwygBBB8Dbnmg6IkD6en2Bu'),(35,_binary '','ernesto.kunde','$2a$08$SqsGoKyp0ir9SoKkZ6p.Pe7GjI4H9tcUgL/5T.oyaQ93ttwS88/vC'),(36,_binary '','avery.gaylord','$2a$08$8628UxSEXZJSoDQ51CmFue.tsYkyPPWWLsI.Ox0kigDTpM.gnu/G6'),(37,_binary '','bethel.hessel','$2a$08$3OdjwhFHusBjC9fwAsD0g.NdJ8e6rxw9YbEn90Mqk9hVIUWwm/Qoq'),(38,_binary '','marcelo.rogahn','$2a$08$JuabqfJ9WxADJhxWno3iJ.Yfev1eWtR3KRN0kn0UZHUw6w1tJg7nq'),(39,_binary '','devorah.swaniawski','$2a$08$ZKUNpsCVX1zxOiFSfDit/u8yWtDULODYwotvicJWFAbSbI/6.CoAS'),(40,_binary '','antonette.murazik','$2a$08$CDpfOouIxmGtUQKjm/9vdObiG.0s90ICVzBqbvJhLktijYnY3jVSG'),(41,_binary '','abigail.thompson','$2a$08$8fYNUftDxEfC8VSWMW96YudVgBGC8cUrPgoM1doeELWrPrGIqsYve'),(42,_binary '','josphine.kuvalis','$2a$08$Wxf6zSYcUKeNhSQwqK/2nexvXg3Aql23jGn9NgBcCrkkE/YkS4jXu'),(43,_binary '','elba.hegmann','$2a$08$UQ5Mc5PIV6XSEKaaQ3s7EeVZEVfjGQ/cYOUx1hkFw3WFY3sKNPKgS'),(44,_binary '','carlee.schamberger','$2a$08$UZiTNSkW1.jO1/fl3v8zxO73vjPEsDXKsmgZQVaZ5kezAOSvGnV2y'),(45,_binary '','roy.hirthe','$2a$08$xkpsc.hTGwjkK8kPSYVIxODckIUf3hEG2NuRSORmxXu6cC.Bukdr.'),(46,_binary '','georgine.zboncak','$2a$08$/MveDIEKQ32pqH.S0AsbzOGXLzkwwA4G3W/dYmU0Mi5n1iDj9t8Ka'),(47,_binary '','cathern.pagac','$2a$08$rdtbX42kzzvxo4LbTY/cae7llvMDO3zZTq58Sm1nhkuoVY8iAj3pm'),(48,_binary '','bryanna.mraz','$2a$08$PGafJP2BOef.oHubP1X6SOV2Kgm5r7/HqNeDxJ6C73vn2891d.lji'),(49,_binary '','ching.nicolas','$2a$08$gm/FjIJL6ku8OR8U7Luca.EVuZ3u8GIrTGXwLIIXO3PljjfViq4gu'),(50,_binary '','lesley.torphy','$2a$08$EEyyGrKhAwl6VZYvH2s7LOxihWVIJPAAQrT368v0GUFSvamV1A5sK'),(51,_binary '','shanon.hansen','$2a$08$zo2fhby/Q0YdikJvwgsREe/BAryvJvvQNgG5L0BJVZnlAnIScTX5O'),(52,_binary '','grady.harvey','$2a$08$ypyD4SHR0fD47rkEaSIOyOSulrPw5emP7LxUhfGsvi.mcRTBaD9z.'),(53,_binary '','pearl.graham','$2a$08$ZIkTsCKw/2UidLHSG90Xqur8czvW7idGSYWEPk7vi0hGxpHELXnJS'),(54,_binary '','hayden.jacobi','$2a$08$gYXBwvf..G3YyRIh6RQQ3ePi/d4S2bWtDRpO/SyWq4f/SQq/icmqi'),(55,_binary '','kenda.jaskolski','$2a$08$aFtc0e4bF1zFKM8aeVKTdOboVmAst2C2HeSooYo1O5nCNHuEP5K7m'),(56,_binary '','emery.predovic','$2a$08$8C5Q4wH/I.CZSmNWFumZnOPgqeMky53ne8xQQbFnsFy3oTsIlzjvC'),(57,_binary '','rosalie.morar','$2a$08$/M4WKy0.22h.iNuupO8q/OzTiO/OtIh95gRQbRpv9XJHuPCLDQIFW'),(58,_binary '','rosemary.dickinson','$2a$08$2Rn5swdTpIeDfgOZTuuo6O3EL4ur0LgEgHmjDXa8ntCba0ZPmkuRq'),(59,_binary '','lou.tillman','$2a$08$SU1wffwFWcxTqN8U.BLmKu8L48IpskYTkk2NqpnB2NMc9GV2/Ve.C'),(60,_binary '','merri.boyer','$2a$08$V3IVcuZ.iW47/QUWivKS2u/CAC1YpcIakRZl9d.JLtRdI8npO5SYW'),(61,_binary '','chong.ziemann','$2a$08$3c5ZpUTN5H5YewZJrQJNHOFZLOkJ8GlBdPlXcC2.rUyHy//uhxJuW'),(62,_binary '','phung.hilpert','$2a$08$AKqRbF5MLrL4bLzsq9SNUuyqm.wsgnRcfHgpWaEK1iwXUE3wgsmfq'),(63,_binary '','dawne.raynor','$2a$08$XL2/BjAYyeMLfgm5ZrcjYuEBngm6qs5UySFJZ7iZxUJ6ZUTuXcUzi'),(64,_binary '','mireya.conn','$2a$08$4a9GSnsxZQNG0WFpDg9qFOjpVADISvtJEbC3raNFF.dgr3DBycdna'),(65,_binary '','roy.dibbert','$2a$08$nUCjTqfvf5I6xpdFqheF5enpj46IcxlEeCfFc3T/RoP/ycUGKWQhq'),(66,_binary '','robby.kuvalis','$2a$08$m5oza2AV9v3hSHV2ZuEqmegLcPR0pe7MCXOEtYM8fygFRJ2tVnWm2'),(67,_binary '','patsy.swift','$2a$08$4CSA6NWzTSjldf42Ny9o4e4a9MnvfYwHpNW/5dQqfoUoSodbO9Ct6'),(68,_binary '','mauricio.treutel','$2a$08$cf4pmr1fb4Wdv6QaH/.i/OjfhGt.iiX1xuLQloXzifMfJtOe7xjN2'),(69,_binary '','dario.mcglynn','$2a$08$GxVdIIrOv4yeqjxGH1fyVuPNmaUjUq0Z/bLY.k32CniAHoNVt.JMm'),(70,_binary '','shameka.koss','$2a$08$.8HCfu/jFuJzeIjKt.w5cOhoyNdWocyGE/ekVEerePqQM1HdAxjcO'),(71,_binary '','dorathy.white','$2a$08$ZKR0rhKfHCqjP8j9.42CDOQ7Tam99s/9smzEa4KWWu43rbCqEwKHG'),(72,_binary '','caryl.thiel','$2a$08$FZ25jaSLcwY9mZ9fHrMDZOgiy7gYCJYVKHZpETCH1hdiCPr.28/Bu'),(73,_binary '','sage.keebler','$2a$08$HqScD3zH5p/cu8xFfIPUhOP7iLCiDwZpc6xst66SxNehunQ71h.bG'),(74,_binary '','karima.rau','$2a$08$7HTndjZGf8j.Bk6e25DfWeROad5GkzonWgwXjzR2ANEod/bY6S2.a'),(75,_binary '','star.kuhlman','$2a$08$y2CVGItFHhnim0uRie0ADeTa876Xe7SivCki2YOur/0hKrNRAIic6'),(76,_binary '','tracy.jacobi','$2a$08$ZgD76jc9XMNwxRKAcwYyquPkGCbrLpXhsPDB8.Ml8xDcYw8K3nmMu'),(77,_binary '','giovanna.hahn','$2a$08$kfsmHpT2nx1bugEqf2Kb0e6uHDmnOEQElS6Nl.ZVJP3yKkU/1jVqC'),(78,_binary '','lawerence.mueller','$2a$08$v7VlLMw3X4F187ELc4zuWuxyuRjeDA5C88viHilzX6tewK3QwRqdy'),(79,_binary '','bethel.botsford','$2a$08$7LjQpeg2JPYvP3ia4TXzDON9pBN799w6uMcn3uuE5qRVojJyz02UO'),(80,_binary '','leonia.aufderhar','$2a$08$faa5pmp3tRHtLGD9fx8vde8TNgNbWhL1e1tAkuAcSYPY1QYDQjr0e'),(81,_binary '','salley.lowe','$2a$08$70IrgIg1Q7JdExrcVgMtFOcDEYN4wCtJP.mfpO1Vbf8elZdXAEg/u'),(82,_binary '','denny.adams','$2a$08$VSk8x4TdzM8S/wO5OJ4Q6.3DxE3NRzWWZh5Akjil5L15lD5ubgvFa'),(83,_binary '','pansy.tremblay','$2a$08$n4DoXYZ0p.X0SMSmCEEOlO8VBLiPlm.5P88kJ5ageUHtTLy2Xt3oK'),(84,_binary '','jody.brown','$2a$08$EVxSzJp6eHeGmoQPxF1Od.Mi8kACJ.K.15kVaQVr0Y/PA7zoneriO'),(85,_binary '','terese.beahan','$2a$08$4PyTig3xg.C5jXzQ/hu3zOgQfyxxgb0IpKoGgVyT2LQerUqTwF0yu'),(86,_binary '','kacie.schamberger','$2a$08$eK9Emul0LZLuTV.vuw9/ROjmSzn.UozetyFhRAYNI0x88goHMuf3C'),(87,_binary '','classie.jast','$2a$08$0xyJvHTVQrxBUUu5htPRPeWjukZuFdOrcTJte.RYJtma32Txh2Dh2'),(88,_binary '','vito.mohr','$2a$08$2RBeN2vKAUre4ZoDxhMbdOQuvDt8KzjX2cJuevWwAQySnuWH07jGK'),(89,_binary '','erik.quitzon','$2a$08$6tn6lBQJhaRlNkfTbWXpj.dDoUNUWxl5doe1kjmRjW1pNw3Ezy4Ci'),(90,_binary '','mitchel.jakubowski','$2a$08$qset4hEKmkx1/Dn8TBFo/uySAaKhPZ7SEbccLGwebOeOuot4bY4/y'),(91,_binary '','bonita.koss','$2a$08$1r7DNTkm8YrzTPwjMfsGTuchxjhGYmznV5aJyWP8P/2myNfqGpT1C'),(92,_binary '','henry.rolfson','$2a$08$Nu7WYyfvM2znTCrI54mNJem1CJJVHZiARZDueD6PIvGyKStPRLiE6'),(93,_binary '','love.rolfson','$2a$08$Fb.F/o9BOvC7heCEoTZfU.rdH5mLGVxASV4fwyNdZ6DJ8Cvvi513y'),(94,_binary '','loria.franecki','$2a$08$BVZowa1S2TWEuvHmo8pRne4oLoFDRWMkW3jZhKa8nUN0dxA6LxBoC'),(95,_binary '','chanell.king','$2a$08$wbuAbuq5fUtlE3sBgdHOQ.IddMCSAX2RWHy485.07I8zyuz648gt.'),(96,_binary '','arnoldo.corwin','$2a$08$e8Yma1in8rNkBjeU8OehvOrXYfrpYFlUtGCnZYWG6pSfFmguqpel2'),(97,_binary '','petra.erdman','$2a$08$CNcLhd/rmJNV7uZQZYe7suTj2amH/TdiCy4fKqlSW2wpdUFq1pU92'),(98,_binary '','kacie.tromp','$2a$08$cfzhgLFXS6n5tgh9eiP0iePElbP0wWRXZteeWQPf.6veXfTKKiMa6'),(99,_binary '','rosemary.jacobi','$2a$08$94SrdjWsa6pOpjVG6O.Kp.MR9LKTcTqADTdftSzsW9hQRPUmqD.VW'),(100,_binary '','galen.schultz','$2a$08$HAY64K7BHo5FO6mSOxkXDe4mo3Gf4iAfH47/QpvBpvtULs04AZn0W'),(101,_binary '','dannie.corkery','$2a$08$hWQTUYup.9.hP.yR18WuJuTpxhDLISVVgTnk.1yB0k5IkLIejaMnu'),(102,_binary '','vladCustom','$2a$08$blUm9PpXu2Vf7SSUcViVT.d/rutQAytzWidskwIHDQICXSun.OkdK');
/*!40000 ALTER TABLE `account` ENABLE KEYS */;
UNLOCK TABLES;

--
-- Table structure for table `computer`
--

DROP TABLE IF EXISTS `computer`;
/*!40101 SET @saved_cs_client     = @@character_set_client */;
 SET character_set_client = utf8mb4 ;
CREATE TABLE `computer` (
  `id` bigint(20) NOT NULL AUTO_INCREMENT,
  `brand` int(11) DEFAULT NULL,
  `cpu` varchar(255) DEFAULT NULL,
  `gpu` varchar(255) DEFAULT NULL,
  `hdd` varchar(255) DEFAULT NULL,
  `name` varchar(255) DEFAULT NULL,
  `os` varchar(255) DEFAULT NULL,
  `price` int(11) NOT NULL,
  `ram` varchar(255) DEFAULT NULL,
  PRIMARY KEY (`id`)
) ENGINE=InnoDB AUTO_INCREMENT=103 DEFAULT CHARSET=utf8mb4 COLLATE=utf8mb4_0900_ai_ci;
/*!40101 SET character_set_client = @saved_cs_client */;

--
-- Dumping data for table `computer`
--

LOCK TABLES `computer` WRITE;
/*!40000 ALTER TABLE `computer` DISABLE KEYS */;
INSERT INTO `computer` VALUES (1,1,'Athlon','nVidia Quadro','3000 GB','PcDragon ver0','Linux Ubuntu',39000,'16 GB'),(2,5,'A10','nVidia GeForce RTX2000','1000 GB','PcDragon ver1','Free DOS',92000,'2 GB'),(3,0,'Pentium Gold','AMD Radeon R5','2000 GB','PcDragon ver2','Free DOS',82000,'4 GB'),(4,5,'Pentium Silver','AMD Radeon HD3000','1500 GB','PcDragon ver3','Linux Ubuntu',61000,'8 GB'),(5,8,'A10','AMD Radeon R5','1000 GB','PcDragon ver4','Ubuntu',60000,'8 GB'),(6,1,'Core i3','nVidia GeForce GTX1600','500 GB','PcDragon ver5','Windows 10 Home',99000,'16 GB'),(7,4,'Xeon','nVidia GeForce RTX2000','2000 GB','PcDragon ver6','Endless',32000,'8 GB'),(8,0,'Ryzen 3','AMD Radeon HD3000','1000 GB','PcDragon ver7','Windows 10 Professional',78000,'8 GB'),(9,7,'E1','AMD Radeon R5','1000 GB','PcDragon ver8','Linux Ubuntu',75000,'16 GB'),(10,2,'Athlon Pro','nVidia GeForce GT700','3000 GB','PcDragon ver9','Linux',22000,'4 GB'),(11,3,'Core i7','AMD Radeon R7','2500 GB','PcDragon ver10','Free DOS',82000,'8 GB'),(12,4,'Core i7','nVidia GeForce GT700','3000 GB','PcDragon ver11','Windows 10 Home',53000,'2 GB'),(13,7,'Pentium Silver','AMD Radeon HD3000','2000 GB','PcDragon ver12','Ubuntu',32000,'2 GB'),(14,0,'A8','AMD Radeon R5','3000 GB','PcDragon ver13','Free DOS 2.0',29000,'4 GB'),(15,2,'FX','nVidia GeForce GT700','1000 GB','PcDragon ver14','Windows 10 Home',23000,'2 GB'),(16,6,'Ryzen 5 PRO','AMD Radeon HD3000','500 GB','PcDragon ver15','Free DOS',85000,'8 GB'),(17,5,'Ryzen3 PRO','nVidia GeForce GT700','2000 GB','PcDragon ver16','Thin Os',50000,'2 GB'),(18,3,'Ryzen3 PRO','AMD Radeon R5','2000 GB','PcDragon ver17','Free DOS 2.0',34000,'4 GB'),(19,1,'Ryzen 5 PRO','nVidia GeForce GT700','3000 GB','PcDragon ver18','mac OS',96000,'2 GB'),(20,2,'Ryzen 5 PRO','nVidia Quadro','2500 GB','PcDragon ver19','Endless',73000,'8 GB'),(21,0,'Pentium Gold','AMD Radeon R5','2500 GB','PcDragon ver20','no OS',81000,'4 GB'),(22,0,'FX','AMD Radeon HD3000','2000 GB','PcDragon ver21','Free DOS 2.0',62000,'4 GB'),(23,3,'Pentium Silver','nVidia GeForce RTX2000','1500 GB','PcDragon ver22','no OS',46000,'16 GB'),(24,1,'Athlon Pro','nVidia GeForce GT700','1000 GB','PcDragon ver23','mac OS',44000,'2 GB'),(25,4,'Celeron','AMD Radeon HD3000','500 GB','PcDragon ver24','Windows 10 Pro',24000,'16 GB'),(26,0,'Pentium Silver','AMD Radeon HD3000','1000 GB','PcDragon ver25','Ubuntu',71000,'16 GB'),(27,9,'Celeron','nVidia GeForce GTX1000','500 GB','PcDragon ver26','Free DOS 2.0',68000,'8 GB'),(28,4,'A9','nVidia GeForce GTX1000','1500 GB','PcDragon ver27','no OS',68000,'2 GB'),(29,7,'Core i3','AMD Radeon R7','1500 GB','PcDragon ver28','Windows 10 Pro',91000,'2 GB'),(30,9,'Celeron','nVidia GeForce GT700','2500 GB','PcDragon ver29','no OS',83000,'2 GB'),(31,4,'Core i9','AMD Radeon R5','1500 GB','PcDragon ver30','Windows 10 Professional',70000,'2 GB'),(32,0,'E2','nVidia GeForce RTX2000','1000 GB','PcDragon ver31','Ubuntu',30000,'16 GB'),(33,8,'A4','AMD Radeon R5','3000 GB','PcDragon ver32','no OS',62000,'2 GB'),(34,4,'E2','AMD Radeon R5','1500 GB','PcDragon ver33','Endless',81000,'16 GB'),(35,0,'A6','nVidia GeForce RTX2000','1000 GB','PcDragon ver34','Windows 10 Professional',47000,'2 GB'),(36,8,'A8','AMD Radeon HD8000','500 GB','PcDragon ver35','Linux',41000,'16 GB'),(37,3,'Ryzen 5','nVidia GeForce RTX2000','1000 GB','PcDragon ver36','Ubuntu',27000,'16 GB'),(38,2,'Xeon','AMD Radeon R5','1500 GB','PcDragon ver37','Linux Ubuntu',53000,'4 GB'),(39,0,'Core i3','AMD Radeon R7','2500 GB','PcDragon ver38','Free DOS 2.0',88000,'4 GB'),(40,8,'Core i5','nVidia GeForce GT700','2500 GB','PcDragon ver39','Linux',86000,'16 GB'),(41,9,'Athlon Pro','AMD Radeon HD3000','3000 GB','PcDragon ver40','Thin Os',33000,'2 GB'),(42,8,'Xeon','nVidia GeForce GTX1600','2000 GB','PcDragon ver41','Free DOS 2.0',98000,'8 GB'),(43,7,'Core i3','AMD Radeon R7','1000 GB','PcDragon ver42','Windows 10 Professional',69000,'8 GB'),(44,7,'A9','nVidia GeForce RTX2000','2000 GB','PcDragon ver43','Linux Ubuntu',40000,'16 GB'),(45,5,'R7','AMD Radeon R5','3000 GB','PcDragon ver44','Ubuntu',60000,'2 GB'),(46,3,'Ryzen 5','nVidia GeForce RTX2000','1000 GB','PcDragon ver45','Free DOS 2.0',46000,'4 GB'),(47,5,'A9','nVidia GeForce GTX1000','500 GB','PcDragon ver46','Endless',78000,'2 GB'),(48,5,'R7','nVidia GeForce GTX1600','3000 GB','PcDragon ver47','Windows 10 Home',22000,'4 GB'),(49,4,'Core i5','nVidia GeForce RTX2000','1500 GB','PcDragon ver48','Linux Ubuntu',48000,'16 GB'),(50,9,'Pentium','AMD Radeon HD8000','2500 GB','PcDragon ver49','no OS',88000,'8 GB'),(51,0,'Xeon','AMD Radeon R5','2000 GB','PcDragon ver50','Windows 10 Professional',23000,'4 GB'),(52,4,'Athlon','nVidia Quadro','1000 GB','PcDragon ver51','Windows 10 Home',25000,'2 GB'),(53,8,'Ryzen 3','AMD Radeon HD3000','500 GB','PcDragon ver52','Windows 10 Enterprise',62000,'4 GB'),(54,1,'Pentium Silver','AMD Radeon HD3000','1000 GB','PcDragon ver53','Thin Os',74000,'8 GB'),(55,8,'Core i3','nVidia GeForce RTX2000','1000 GB','PcDragon ver54','no OS',51000,'16 GB'),(56,1,'Pentium','AMD Radeon R5','2000 GB','PcDragon ver55','Windows 10 Professional',28000,'8 GB'),(57,0,'E2','AMD Radeon R7','500 GB','PcDragon ver56','Endless',88000,'16 GB'),(58,3,'E1','nVidia Quadro','3000 GB','PcDragon ver57','Free DOS 2.0',57000,'16 GB'),(59,9,'Pentium Silver','nVidia GeForce GT700','2500 GB','PcDragon ver58','mac OS',84000,'8 GB'),(60,2,'Ryzen 5 PRO','AMD Radeon HD8000','1500 GB','PcDragon ver59','Ubuntu',100000,'16 GB'),(61,2,'A8','nVidia GeForce RTX2000','2000 GB','PcDragon ver60','Linux Ubuntu',22000,'4 GB'),(62,7,'Pentium Silver','AMD Radeon HD8000','2500 GB','PcDragon ver61','Endless',32000,'16 GB'),(63,2,'A6','nVidia GeForce GTX1000','1000 GB','PcDragon ver62','Windows 10 Professional',42000,'4 GB'),(64,9,'A10','nVidia GeForce GT700','2000 GB','PcDragon ver63','Windows 10 Enterprise',82000,'8 GB'),(65,1,'FX','nVidia GeForce GT700','500 GB','PcDragon ver64','Windows 10 Home',69000,'16 GB'),(66,0,'Athlon','nVidia GeForce GTX1600','1500 GB','PcDragon ver65','Free DOS',52000,'8 GB'),(67,9,'Core i7','AMD Radeon R5','1000 GB','PcDragon ver66','Thin Os',36000,'16 GB'),(68,4,'Pentium','AMD Radeon R7','2500 GB','PcDragon ver67','Free DOS',58000,'8 GB'),(69,5,'Pentium','nVidia GeForce GTX1600','500 GB','PcDragon ver68','Windows 10 Home',93000,'4 GB'),(70,6,'FX','nVidia Quadro','1500 GB','PcDragon ver69','Windows 10 Pro',57000,'2 GB'),(71,6,'Ryzen 5','AMD Radeon R5','2500 GB','PcDragon ver70','Linux',88000,'4 GB'),(72,2,'Athlon','AMD Radeon R5','1000 GB','PcDragon ver71','Ubuntu',44000,'8 GB'),(73,4,'Core i3','nVidia GeForce GTX1000','1000 GB','PcDragon ver72','Free DOS',96000,'8 GB'),(74,5,'Ryzen 3','AMD Radeon HD8000','3000 GB','PcDragon ver73','mac OS',46000,'16 GB'),(75,8,'Athlon','AMD Radeon R7','500 GB','PcDragon ver74','Ubuntu',83000,'2 GB'),(76,3,'Xeon','nVidia Quadro','1500 GB','PcDragon ver75','Windows 10',91000,'4 GB'),(77,1,'A10','nVidia GeForce GTX1600','1500 GB','PcDragon ver76','Thin Os',71000,'16 GB'),(78,2,'Pentium','AMD Radeon HD3000','2000 GB','PcDragon ver77','Free DOS',23000,'4 GB'),(79,0,'Ryzen3 PRO','nVidia Quadro','1500 GB','PcDragon ver78','no OS',33000,'16 GB'),(80,4,'Ryzen3 PRO','nVidia GeForce GTX1000','1500 GB','PcDragon ver79','Linux Ubuntu',46000,'2 GB'),(81,4,'Athlon Pro','nVidia Quadro','500 GB','PcDragon ver80','Windows 10 Enterprise',29000,'8 GB'),(82,1,'E2','AMD Radeon R7','1000 GB','PcDragon ver81','mac OS',33000,'2 GB'),(83,9,'Athlon Pro','nVidia Quadro','2000 GB','PcDragon ver82','Windows 10 Pro',27000,'2 GB'),(84,9,'E2','AMD Radeon R5','2500 GB','PcDragon ver83','Free DOS',44000,'2 GB'),(85,2,'Ryzen 3','AMD Radeon HD8000','500 GB','PcDragon ver84','Windows 10 Home',99000,'8 GB'),(86,3,'Core i9','nVidia GeForce RTX2000','3000 GB','PcDragon ver85','Endless',80000,'2 GB'),(87,6,'R7','AMD Radeon R5','2000 GB','PcDragon ver86','Linux',22000,'8 GB'),(88,3,'Ryzen 5 PRO','nVidia GeForce RTX2000','500 GB','PcDragon ver87','Windows 10 Pro',50000,'2 GB'),(89,8,'Ryzen 3','nVidia GeForce RTX2000','1000 GB','PcDragon ver88','Windows 10 Professional',67000,'4 GB'),(90,5,'A6','AMD Radeon R5','1000 GB','PcDragon ver89','Linux Ubuntu',87000,'4 GB'),(91,9,'A4','AMD Radeon HD3000','2500 GB','PcDragon ver90','Windows 10 Home',100000,'4 GB'),(92,1,'A6','nVidia GeForce GT700','3000 GB','PcDragon ver91','Free DOS 2.0',89000,'16 GB'),(93,7,'A9','AMD Radeon HD3000','2000 GB','PcDragon ver92','no OS',32000,'16 GB'),(94,3,'Core i9','AMD Radeon HD8000','1500 GB','PcDragon ver93','Windows 10 Enterprise',76000,'16 GB'),(95,3,'Ryzen3 PRO','nVidia Quadro','500 GB','PcDragon ver94','Free DOS 2.0',53000,'8 GB'),(96,6,'Pentium Silver','AMD Radeon R5','2000 GB','PcDragon ver95','Windows 10',97000,'8 GB'),(97,4,'E1','nVidia GeForce GTX1000','2500 GB','PcDragon ver96','Windows 10 Enterprise',87000,'2 GB'),(98,5,'Core i5','nVidia GeForce GTX1600','3000 GB','PcDragon ver97','mac OS',98000,'2 GB'),(99,5,'A10','nVidia GeForce GTX1600','1500 GB','PcDragon ver98','Free DOS',45000,'2 GB'),(100,5,'A9','AMD Radeon HD3000','1500 GB','PcDragon ver99','Windows 10 Enterprise',42000,'8 GB'),(101,2,'Intel i7','Amd','1000 GB','ne x','MacOS',50000,'32 GB'),(102,2,'Intel Core i9 9880H','Radeon Pro 5500M','1024 GB','MacBook Pro','macOS',225990,'16 GB');
/*!40000 ALTER TABLE `computer` ENABLE KEYS */;
UNLOCK TABLES;

--
-- Table structure for table `customer`
--

DROP TABLE IF EXISTS `customer`;
/*!40101 SET @saved_cs_client     = @@character_set_client */;
 SET character_set_client = utf8mb4 ;
CREATE TABLE `customer` (
  `id` bigint(20) NOT NULL AUTO_INCREMENT,
  `birthd` datetime(6) DEFAULT NULL,
  `email` varchar(255) DEFAULT NULL,
  `fullname` varchar(255) DEFAULT NULL,
  `account_id` bigint(20) NOT NULL,
  PRIMARY KEY (`id`),
  UNIQUE KEY `UK_jwt2qo9oj3wd7ribjkymryp8s` (`account_id`),
  CONSTRAINT `FKn9x2k8svpxj3r328iy1rpur83` FOREIGN KEY (`account_id`) REFERENCES `account` (`id`)
) ENGINE=InnoDB AUTO_INCREMENT=102 DEFAULT CHARSET=utf8mb4 COLLATE=utf8mb4_0900_ai_ci;
/*!40101 SET character_set_client = @saved_cs_client */;

--
-- Dumping data for table `customer`
--

LOCK TABLES `customer` WRITE;
/*!40000 ALTER TABLE `customer` DISABLE KEYS */;
INSERT INTO `customer` VALUES (1,'1992-02-18 00:00:00.000000','delois.schuppe@gmail.com','Apolonia Hyatt',2),(2,'2001-08-11 02:20:25.546000','winter.mraz@gmail.com','Kathyrn Johnson DVM',3),(3,'1996-11-15 18:12:34.055000','pablo.grady@gmail.com','Evalyn Fay',4),(4,'1999-11-02 23:49:03.473000','kisha.dickinson@gmail.com','Dr. Harvey Grant',5),(5,'1986-06-17 01:01:48.845000','nora.howell@gmail.com','Gerardo Hirthe DVM',6),(6,'1991-08-21 00:16:28.061000','leda.lockman@gmail.com','Lita Sipes',7),(7,'1985-02-10 16:55:05.153000','eldon.nicolas@gmail.com','Magda Howell',8),(8,'2001-11-10 06:38:32.682000','pablo.goodwin@gmail.com','Reynaldo Simonis DVM',9),(9,'1978-09-25 02:17:02.413000','palma.walsh@gmail.com','Korey Corkery',10),(10,'1977-08-09 09:36:07.101000','margarette.morissette@gmail.com','Vanna Abshire DDS',11),(11,'1984-03-12 20:41:53.865000','zenobia.yundt@gmail.com','Luci Stokes',12),(12,'1967-12-17 21:53:45.273000','justin.wiza@gmail.com','Geraldine Streich',13),(13,'1989-07-04 13:25:40.954000','kayla.corkery@gmail.com','Wendolyn Zulauf Jr.',14),(14,'1963-06-13 00:54:06.930000','ulysses.krajcik@gmail.com','Jessika Volkman',15),(15,'1978-03-02 05:24:17.048000','del.zieme@gmail.com','Tiny Schumm',16),(16,'1960-03-27 15:04:14.971000','jerlene.jaskolski@gmail.com','Bryce Robel',17),(17,'1971-12-16 20:51:06.442000','leandro.cartwright@gmail.com','Beau Klein',18),(18,'1989-05-18 00:11:49.887000','na.schuster@gmail.com','Nelle Kunde',19),(19,'1966-08-29 11:09:17.346000','charolette.schaden@gmail.com','Arnoldo Jerde',20),(20,'1972-06-11 06:40:29.538000','jeanett.wisoky@gmail.com','Delmar Hintz',21),(21,'1989-01-10 18:46:08.625000','fausto.becker@gmail.com','Sherill Schowalter',22),(22,'1965-09-10 23:09:51.264000','derek.zulauf@gmail.com','Nicky Deckow V',23),(23,'1983-11-09 10:05:40.361000','milton.morar@gmail.com','Madalyn Cole Sr.',24),(24,'1977-11-24 23:22:45.851000','eboni.douglas@gmail.com','Emery Fritsch',25),(25,'1964-07-12 11:06:24.599000','dwana.schneider@gmail.com','Marguerite Osinski',26),(26,'1968-09-23 01:50:20.558000','lamar.ankunding@gmail.com','Isaias Von I',27),(27,'1990-08-14 06:08:55.333000','asa.mills@gmail.com','Brandon Mueller',28),(28,'1970-01-09 21:15:25.822000','ebonie.brakus@gmail.com','Bianca Hills',29),(29,'1981-04-04 13:20:55.790000','mitzi.dooley@gmail.com','Mabel Yost',30),(30,'1956-06-16 08:15:02.344000','cory.graham@gmail.com','Palmer Walker DDS',31),(31,'1963-12-03 08:44:21.791000','aisha.weber@gmail.com','Trinity Turcotte',32),(32,'1964-10-01 09:15:39.462000','diana.russel@gmail.com','Domingo Wilderman',33),(33,'1964-12-09 06:50:59.228000','lynwood.quitzon@gmail.com','Edmundo Pfannerstill',34),(34,'1990-06-30 23:19:10.265000','justin.fisher@gmail.com','Gale Prosacco PhD',35),(35,'1976-10-05 21:54:59.044000','ozzie.harber@gmail.com','Rhett Steuber',36),(36,'1960-04-01 02:47:54.537000','rosamaria.haley@gmail.com','Rina Reynolds',37),(37,'1974-02-11 15:44:17.297000','jamie.mcdermott@gmail.com','Benton Emmerich',38),(38,'1996-11-03 18:08:33.275000','jessika.wiza@gmail.com','Loria Friesen',39),(39,'1962-04-28 05:30:19.107000','alexandria.kreiger@gmail.com','Arletta Ullrich',40),(40,'1972-06-02 18:23:42.099000','juli.bradtke@gmail.com','Nidia Watsica',41),(41,'1986-02-28 23:54:06.087000','bernadette.torphy@gmail.com','Eliseo Kovacek DDS',42),(42,'1974-09-03 05:00:51.138000','florentino.fay@gmail.com','Myung Steuber',43),(43,'1998-01-23 07:46:37.042000','zachariah.hermann@gmail.com','Ted Bednar',44),(44,'1989-11-09 11:13:40.164000','frances.abshire@gmail.com','Victor Cartwright',45),(45,'1986-07-27 05:52:24.298000','courtney.glover@gmail.com','Marquis Howe',46),(46,'1986-03-25 21:50:26.136000','jeanna.schamberger@gmail.com','Irving Pouros',47),(47,'1972-07-26 17:03:02.085000','nettie.renner@gmail.com','Toshia Kshlerin III',48),(48,'1979-07-15 21:28:10.967000','vertie.mckenzie@gmail.com','Miss Jenni Lehner',49),(49,'1985-01-21 21:16:06.807000','marvin.hilpert@gmail.com','Merlin Jaskolski',50),(50,'1967-02-12 11:01:41.927000','mohamed.hauck@gmail.com','Kelly Stehr',51),(51,'1966-01-10 03:22:22.670000','marleen.koch@gmail.com','Fermin Dickinson',52),(52,'1989-04-25 14:19:29.152000','heidi.wyman@gmail.com','Shon Kozey',53),(53,'1968-12-02 21:08:10.585000','rosario.goodwin@gmail.com','Blossom Zieme',54),(54,'1999-10-17 18:36:06.205000','gudrun.gutkowski@gmail.com','Roselee Rau DDS',55),(55,'1983-09-07 16:42:46.275000','donella.hodkiewicz@gmail.com','Leopoldo Robel DVM',56),(56,'1969-03-23 05:30:22.667000','lorie.pfeffer@gmail.com','Miss Charlie Hagenes',57),(57,'1969-04-04 16:47:23.256000','zulema.schultz@gmail.com','Bethann Macejkovic',58),(58,'1964-05-16 11:13:19.320000','diedra.ondricka@gmail.com','Mrs. Barrett Ward',59),(59,'1997-03-18 02:32:23.496000','lowell.wisozk@gmail.com','Beatris Hermiston IV',60),(60,'1968-12-04 07:48:01.044000','elli.schamberger@gmail.com','Lilli Considine',61),(61,'1991-03-28 18:28:24.481000','rozella.mayer@gmail.com','Matthew Bradtke',62),(62,'1974-12-13 06:42:26.709000','karey.turcotte@gmail.com','Damion Schulist',63),(63,'1964-12-01 17:50:08.699000','gaylene.hermiston@gmail.com','Dr. Jodie O\'Hara',64),(64,'1978-02-17 05:12:54.206000','humberto.dooley@gmail.com','Man Effertz',65),(65,'1959-03-28 18:48:54.646000','gavin.huel@gmail.com','Rubie Powlowski',66),(66,'1984-06-21 05:30:28.631000','milford.rogahn@gmail.com','Normand Willms',67),(67,'1983-01-06 03:56:29.825000','kent.gibson@gmail.com','Dong Balistreri',68),(68,'1957-07-10 02:04:34.984000','sydney.armstrong@gmail.com','Renato Kessler DVM',69),(69,'1979-05-30 10:56:36.911000','torie.kuhic@gmail.com','Christin Stamm',70),(70,'1966-10-24 11:07:02.139000','meg.kirlin@gmail.com','Ms. Kirk Jones',71),(71,'1994-03-24 11:49:53.945000','danielle.bayer@gmail.com','Marine Huels',72),(72,'1997-03-07 06:42:27.274000','lannie.dibbert@gmail.com','Norberto Leuschke',73),(73,'1984-02-02 02:48:50.699000','santiago.raynor@gmail.com','Horace Bartoletti',74),(74,'1992-05-24 11:46:25.860000','alpha.orn@gmail.com','Dr. Milagro Kutch',75),(75,'1972-03-12 20:54:13.169000','carl.zboncak@gmail.com','Isaiah Kreiger Sr.',76),(76,'1971-12-13 05:45:19.447000','edda.schaefer@gmail.com','Jonie Abshire',77),(77,'2001-02-07 11:04:58.487000','joseph.larson@gmail.com','Florrie Hackett',78),(78,'1994-03-24 07:37:03.102000','ahmad.hansen@gmail.com','Etsuko Gutmann',79),(79,'1981-06-23 16:17:51.751000','mariette.dibbert@gmail.com','Mr. Dino Cruickshank',80),(80,'1956-05-10 11:23:59.249000','lilla.okon@gmail.com','Heriberto Pagac',81),(81,'1969-09-13 07:01:54.003000','lorraine.reinger@gmail.com','Francene Larson',82),(82,'1966-07-13 00:08:05.585000','cathi.rippin@gmail.com','Gidget Goodwin DVM',83),(83,'2000-12-14 14:03:23.354000','mistie.ryan@gmail.com','Jonelle Muller',84),(84,'1999-02-17 00:16:43.462000','marvin.luettgen@gmail.com','Miss Jack Veum',85),(85,'1994-08-14 13:19:31.223000','tabetha.muller@gmail.com','Stevie Brekke DDS',86),(86,'1998-10-08 09:39:21.908000','violeta.windler@gmail.com','Isaac Emmerich',87),(87,'1966-08-04 03:27:10.781000','jacob.kautzer@gmail.com','Mervin Farrell',88),(88,'1961-09-30 14:39:53.577000','maria.runte@gmail.com','Britt Ruecker Jr.',89),(89,'1995-04-13 03:49:57.961000','ezra.witting@gmail.com','Linwood Kiehn Jr.',90),(90,'1997-10-14 08:22:06.719000','tommie.bins@gmail.com','Wesley Bartoletti',91),(91,'1985-07-09 02:51:44.303000','scott.stehr@gmail.com','Mr. Kristofer Towne',92),(92,'1963-07-03 18:45:57.414000','alonzo.hahn@gmail.com','Jacquelynn Collier',93),(93,'1984-08-26 11:55:40.006000','simonne.smitham@gmail.com','Livia Davis',94),(94,'1995-05-18 11:31:54.076000','hubert.cruickshank@gmail.com','Thora Barton',95),(95,'1966-10-25 00:14:24.077000','trina.lynch@gmail.com','Augustine Hermann DVM',96),(96,'1976-01-08 09:02:51.481000','tonia.hirthe@gmail.com','Rima King',97),(97,'1955-07-17 15:09:41.455000','arlean.veum@gmail.com','Lela Muller',98),(98,'1996-05-21 15:49:30.118000','judson.schuster@gmail.com','Jeni Hyatt',99),(99,'1966-11-27 19:45:09.848000','bryce.zulauf@gmail.com','Zena Wiegand',100),(100,'2002-03-28 07:45:00.085000','otha.ernser@gmail.com','Wilburn Koepp',101),(101,'1992-11-03 15:53:50.497000','vladCustom@gmail.com','Пшенин Владислав Игоревич',102);
/*!40000 ALTER TABLE `customer` ENABLE KEYS */;
UNLOCK TABLES;

--
-- Table structure for table `item`
--

DROP TABLE IF EXISTS `item`;
/*!40101 SET @saved_cs_client     = @@character_set_client */;
 SET character_set_client = utf8mb4 ;
CREATE TABLE `item` (
  `id` bigint(20) NOT NULL AUTO_INCREMENT,
  `computer_id` bigint(20) NOT NULL,
  `order_id` bigint(20) DEFAULT NULL,
  PRIMARY KEY (`id`),
  KEY `FK7j0db3baaffk9rn8l2h46ry2g` (`computer_id`),
  KEY `FKtbipb7uob2ud46fp9qcn6jl86` (`order_id`),
  CONSTRAINT `FK7j0db3baaffk9rn8l2h46ry2g` FOREIGN KEY (`computer_id`) REFERENCES `computer` (`id`),
  CONSTRAINT `FKtbipb7uob2ud46fp9qcn6jl86` FOREIGN KEY (`order_id`) REFERENCES `orders` (`id`)
) ENGINE=InnoDB AUTO_INCREMENT=2006 DEFAULT CHARSET=utf8mb4 COLLATE=utf8mb4_0900_ai_ci;
/*!40101 SET character_set_client = @saved_cs_client */;

--
-- Dumping data for table `item`
--

LOCK TABLES `item` WRITE;
/*!40000 ALTER TABLE `item` DISABLE KEYS */;
INSERT INTO `item` VALUES (1,1,1),(2,1,1),(3,1,NULL),(4,1,NULL),(5,1,NULL),(6,1,NULL),(7,1,NULL),(8,1,NULL),(9,1,NULL),(10,1,NULL),(11,1,NULL),(12,1,NULL),(13,1,NULL),(14,1,NULL),(15,1,NULL),(16,1,NULL),(17,1,NULL),(18,1,NULL),(19,1,NULL),(20,1,NULL),(21,2,NULL),(22,2,NULL),(23,2,NULL),(24,2,NULL),(25,2,NULL),(26,2,NULL),(27,2,NULL),(28,2,NULL),(29,2,NULL),(30,2,NULL),(31,2,NULL),(32,2,NULL),(33,2,NULL),(34,2,NULL),(35,2,NULL),(36,2,NULL),(37,2,NULL),(38,2,NULL),(39,2,NULL),(40,2,NULL),(41,3,1),(42,3,1),(43,3,NULL),(44,3,NULL),(45,3,NULL),(46,3,NULL),(47,3,NULL),(48,3,NULL),(49,3,NULL),(50,3,NULL),(51,3,NULL),(52,3,NULL),(53,3,NULL),(54,3,NULL),(55,3,NULL),(56,3,NULL),(57,3,NULL),(58,3,NULL),(59,3,NULL),(60,3,NULL),(61,4,4),(62,4,4),(63,4,4),(64,4,4),(65,4,NULL),(66,4,NULL),(67,4,NULL),(68,4,NULL),(69,4,NULL),(70,4,NULL),(71,4,NULL),(72,4,NULL),(73,4,NULL),(74,4,NULL),(75,4,NULL),(76,4,NULL),(77,4,NULL),(78,4,NULL),(79,4,NULL),(80,4,NULL),(81,5,1),(82,5,1),(83,5,2),(84,5,2),(85,5,4),(86,5,4),(87,5,4),(88,5,NULL),(89,5,NULL),(90,5,NULL),(91,5,NULL),(92,5,NULL),(93,5,NULL),(94,5,NULL),(95,5,NULL),(96,5,NULL),(97,5,NULL),(98,5,NULL),(99,5,NULL),(100,5,NULL),(101,6,1),(102,6,2),(103,6,2),(104,6,NULL),(105,6,NULL),(106,6,NULL),(107,6,NULL),(108,6,NULL),(109,6,NULL),(110,6,NULL),(111,6,NULL),(112,6,NULL),(113,6,NULL),(114,6,NULL),(115,6,NULL),(116,6,NULL),(117,6,NULL),(118,6,NULL),(119,6,NULL),(120,6,NULL),(121,7,1),(122,7,NULL),(123,7,NULL),(124,7,NULL),(125,7,NULL),(126,7,NULL),(127,7,NULL),(128,7,NULL),(129,7,NULL),(130,7,NULL),(131,7,NULL),(132,7,NULL),(133,7,NULL),(134,7,NULL),(135,7,NULL),(136,7,NULL),(137,7,NULL),(138,7,NULL),(139,7,NULL),(140,7,NULL),(141,8,4),(142,8,NULL),(143,8,NULL),(144,8,NULL),(145,8,NULL),(146,8,NULL),(147,8,NULL),(148,8,NULL),(149,8,NULL),(150,8,NULL),(151,8,NULL),(152,8,NULL),(153,8,NULL),(154,8,NULL),(155,8,NULL),(156,8,NULL),(157,8,NULL),(158,8,NULL),(159,8,NULL),(160,8,NULL),(161,9,NULL),(162,9,NULL),(163,9,NULL),(164,9,NULL),(165,9,NULL),(166,9,NULL),(167,9,NULL),(168,9,NULL),(169,9,NULL),(170,9,NULL),(171,9,NULL),(172,9,NULL),(173,9,NULL),(174,9,NULL),(175,9,NULL),(176,9,NULL),(177,9,NULL),(178,9,NULL),(179,9,NULL),(180,9,NULL),(181,10,NULL),(182,10,NULL),(183,10,NULL),(184,10,NULL),(185,10,NULL),(186,10,NULL),(187,10,NULL),(188,10,NULL),(189,10,NULL),(190,10,NULL),(191,10,NULL),(192,10,NULL),(193,10,NULL),(194,10,NULL),(195,10,NULL),(196,10,NULL),(197,10,NULL),(198,10,NULL),(199,10,NULL),(200,10,NULL),(201,11,4),(202,11,4),(203,11,NULL),(204,11,NULL),(205,11,NULL),(206,11,NULL),(207,11,NULL),(208,11,NULL),(209,11,NULL),(210,11,NULL),(211,11,NULL),(212,11,NULL),(213,11,NULL),(214,11,NULL),(215,11,NULL),(216,11,NULL),(217,11,NULL),(218,11,NULL),(219,11,NULL),(220,11,NULL),(221,12,NULL),(222,12,NULL),(223,12,NULL),(224,12,NULL),(225,12,NULL),(226,12,NULL),(227,12,NULL),(228,12,NULL),(229,12,NULL),(230,12,NULL),(231,12,NULL),(232,12,NULL),(233,12,NULL),(234,12,NULL),(235,12,NULL),(236,12,NULL),(237,12,NULL),(238,12,NULL),(239,12,NULL),(240,12,NULL),(241,13,4),(242,13,4),(243,13,NULL),(244,13,NULL),(245,13,NULL),(246,13,NULL),(247,13,NULL),(248,13,NULL),(249,13,NULL),(250,13,NULL),(251,13,NULL),(252,13,NULL),(253,13,NULL),(254,13,NULL),(255,13,NULL),(256,13,NULL),(257,13,NULL),(258,13,NULL),(259,13,NULL),(260,13,NULL),(261,14,NULL),(262,14,NULL),(263,14,NULL),(264,14,NULL),(265,14,NULL),(266,14,NULL),(267,14,NULL),(268,14,NULL),(269,14,NULL),(270,14,NULL),(271,14,NULL),(272,14,NULL),(273,14,NULL),(274,14,NULL),(275,14,NULL),(276,14,NULL),(277,14,NULL),(278,14,NULL),(279,14,NULL),(280,14,NULL),(281,15,NULL),(282,15,NULL),(283,15,NULL),(284,15,NULL),(285,15,NULL),(286,15,NULL),(287,15,NULL),(288,15,NULL),(289,15,NULL),(290,15,NULL),(291,15,NULL),(292,15,NULL),(293,15,NULL),(294,15,NULL),(295,15,NULL),(296,15,NULL),(297,15,NULL),(298,15,NULL),(299,15,NULL),(300,15,NULL),(301,16,NULL),(302,16,NULL),(303,16,NULL),(304,16,NULL),(305,16,NULL),(306,16,NULL),(307,16,NULL),(308,16,NULL),(309,16,NULL),(310,16,NULL),(311,16,NULL),(312,16,NULL),(313,16,NULL),(314,16,NULL),(315,16,NULL),(316,16,NULL),(317,16,NULL),(318,16,NULL),(319,16,NULL),(320,16,NULL),(321,17,NULL),(322,17,NULL),(323,17,NULL),(324,17,NULL),(325,17,NULL),(326,17,NULL),(327,17,NULL),(328,17,NULL),(329,17,NULL),(330,17,NULL),(331,17,NULL),(332,17,NULL),(333,17,NULL),(334,17,NULL),(335,17,NULL),(336,17,NULL),(337,17,NULL),(338,17,NULL),(339,17,NULL),(340,17,NULL),(341,18,NULL),(342,18,NULL),(343,18,NULL),(344,18,NULL),(345,18,NULL),(346,18,NULL),(347,18,NULL),(348,18,NULL),(349,18,NULL),(350,18,NULL),(351,18,NULL),(352,18,NULL),(353,18,NULL),(354,18,NULL),(355,18,NULL),(356,18,NULL),(357,18,NULL),(358,18,NULL),(359,18,NULL),(360,18,NULL),(361,19,NULL),(362,19,NULL),(363,19,NULL),(364,19,NULL),(365,19,NULL),(366,19,NULL),(367,19,NULL),(368,19,NULL),(369,19,NULL),(370,19,NULL),(371,19,NULL),(372,19,NULL),(373,19,NULL),(374,19,NULL),(375,19,NULL),(376,19,NULL),(377,19,NULL),(378,19,NULL),(379,19,NULL),(380,19,NULL),(381,20,NULL),(382,20,NULL),(383,20,NULL),(384,20,NULL),(385,20,NULL),(386,20,NULL),(387,20,NULL),(388,20,NULL),(389,20,NULL),(390,20,NULL),(391,20,NULL),(392,20,NULL),(393,20,NULL),(394,20,NULL),(395,20,NULL),(396,20,NULL),(397,20,NULL),(398,20,NULL),(399,20,NULL),(400,20,NULL),(401,21,NULL),(402,21,NULL),(403,21,NULL),(404,21,NULL),(405,21,NULL),(406,21,NULL),(407,21,NULL),(408,21,NULL),(409,21,NULL),(410,21,NULL),(411,21,NULL),(412,21,NULL),(413,21,NULL),(414,21,NULL),(415,21,NULL),(416,21,NULL),(417,21,NULL),(418,21,NULL),(419,21,NULL),(420,21,NULL),(421,22,NULL),(422,22,NULL),(423,22,NULL),(424,22,NULL),(425,22,NULL),(426,22,NULL),(427,22,NULL),(428,22,NULL),(429,22,NULL),(430,22,NULL),(431,22,NULL),(432,22,NULL),(433,22,NULL),(434,22,NULL),(435,22,NULL),(436,22,NULL),(437,22,NULL),(438,22,NULL),(439,22,NULL),(440,22,NULL),(441,23,NULL),(442,23,NULL),(443,23,NULL),(444,23,NULL),(445,23,NULL),(446,23,NULL),(447,23,NULL),(448,23,NULL),(449,23,NULL),(450,23,NULL),(451,23,NULL),(452,23,NULL),(453,23,NULL),(454,23,NULL),(455,23,NULL),(456,23,NULL),(457,23,NULL),(458,23,NULL),(459,23,NULL),(460,23,NULL),(461,24,NULL),(462,24,NULL),(463,24,NULL),(464,24,NULL),(465,24,NULL),(466,24,NULL),(467,24,NULL),(468,24,NULL),(469,24,NULL),(470,24,NULL),(471,24,NULL),(472,24,NULL),(473,24,NULL),(474,24,NULL),(475,24,NULL),(476,24,NULL),(477,24,NULL),(478,24,NULL),(479,24,NULL),(480,24,NULL),(481,25,NULL),(482,25,NULL),(483,25,NULL),(484,25,NULL),(485,25,NULL),(486,25,NULL),(487,25,NULL),(488,25,NULL),(489,25,NULL),(490,25,NULL),(491,25,NULL),(492,25,NULL),(493,25,NULL),(494,25,NULL),(495,25,NULL),(496,25,NULL),(497,25,NULL),(498,25,NULL),(499,25,NULL),(500,25,NULL),(501,26,NULL),(502,26,NULL),(503,26,NULL),(504,26,NULL),(505,26,NULL),(506,26,NULL),(507,26,NULL),(508,26,NULL),(509,26,NULL),(510,26,NULL),(511,26,NULL),(512,26,NULL),(513,26,NULL),(514,26,NULL),(515,26,NULL),(516,26,NULL),(517,26,NULL),(518,26,NULL),(519,26,NULL),(520,26,NULL),(521,27,NULL),(522,27,NULL),(523,27,NULL),(524,27,NULL),(525,27,NULL),(526,27,NULL),(527,27,NULL),(528,27,NULL),(529,27,NULL),(530,27,NULL),(531,27,NULL),(532,27,NULL),(533,27,NULL),(534,27,NULL),(535,27,NULL),(536,27,NULL),(537,27,NULL),(538,27,NULL),(539,27,NULL),(540,27,NULL),(541,28,NULL),(542,28,NULL),(543,28,NULL),(544,28,NULL),(545,28,NULL),(546,28,NULL),(547,28,NULL),(548,28,NULL),(549,28,NULL),(550,28,NULL),(551,28,NULL),(552,28,NULL),(553,28,NULL),(554,28,NULL),(555,28,NULL),(556,28,NULL),(557,28,NULL),(558,28,NULL),(559,28,NULL),(560,28,NULL),(561,29,NULL),(562,29,NULL),(563,29,NULL),(564,29,NULL),(565,29,NULL),(566,29,NULL),(567,29,NULL),(568,29,NULL),(569,29,NULL),(570,29,NULL),(571,29,NULL),(572,29,NULL),(573,29,NULL),(574,29,NULL),(575,29,NULL),(576,29,NULL),(577,29,NULL),(578,29,NULL),(579,29,NULL),(580,29,NULL),(581,30,NULL),(582,30,NULL),(583,30,NULL),(584,30,NULL),(585,30,NULL),(586,30,NULL),(587,30,NULL),(588,30,NULL),(589,30,NULL),(590,30,NULL),(591,30,NULL),(592,30,NULL),(593,30,NULL),(594,30,NULL),(595,30,NULL),(596,30,NULL),(597,30,NULL),(598,30,NULL),(599,30,NULL),(600,30,NULL),(601,31,NULL),(602,31,NULL),(603,31,NULL),(604,31,NULL),(605,31,NULL),(606,31,NULL),(607,31,NULL),(608,31,NULL),(609,31,NULL),(610,31,NULL),(611,31,NULL),(612,31,NULL),(613,31,NULL),(614,31,NULL),(615,31,NULL),(616,31,NULL),(617,31,NULL),(618,31,NULL),(619,31,NULL),(620,31,NULL),(621,32,NULL),(622,32,NULL),(623,32,NULL),(624,32,NULL),(625,32,NULL),(626,32,NULL),(627,32,NULL),(628,32,NULL),(629,32,NULL),(630,32,NULL),(631,32,NULL),(632,32,NULL),(633,32,NULL),(634,32,NULL),(635,32,NULL),(636,32,NULL),(637,32,NULL),(638,32,NULL),(639,32,NULL),(640,32,NULL),(641,33,NULL),(642,33,NULL),(643,33,NULL),(644,33,NULL),(645,33,NULL),(646,33,NULL),(647,33,NULL),(648,33,NULL),(649,33,NULL),(650,33,NULL),(651,33,NULL),(652,33,NULL),(653,33,NULL),(654,33,NULL),(655,33,NULL),(656,33,NULL),(657,33,NULL),(658,33,NULL),(659,33,NULL),(660,33,NULL),(661,34,NULL),(662,34,NULL),(663,34,NULL),(664,34,NULL),(665,34,NULL),(666,34,NULL),(667,34,NULL),(668,34,NULL),(669,34,NULL),(670,34,NULL),(671,34,NULL),(672,34,NULL),(673,34,NULL),(674,34,NULL),(675,34,NULL),(676,34,NULL),(677,34,NULL),(678,34,NULL),(679,34,NULL),(680,34,NULL),(681,35,NULL),(682,35,NULL),(683,35,NULL),(684,35,NULL),(685,35,NULL),(686,35,NULL),(687,35,NULL),(688,35,NULL),(689,35,NULL),(690,35,NULL),(691,35,NULL),(692,35,NULL),(693,35,NULL),(694,35,NULL),(695,35,NULL),(696,35,NULL),(697,35,NULL),(698,35,NULL),(699,35,NULL),(700,35,NULL),(701,36,NULL),(702,36,NULL),(703,36,NULL),(704,36,NULL),(705,36,NULL),(706,36,NULL),(707,36,NULL),(708,36,NULL),(709,36,NULL),(710,36,NULL),(711,36,NULL),(712,36,NULL),(713,36,NULL),(714,36,NULL),(715,36,NULL),(716,36,NULL),(717,36,NULL),(718,36,NULL),(719,36,NULL),(720,36,NULL),(721,37,NULL),(722,37,NULL),(723,37,NULL),(724,37,NULL),(725,37,NULL),(726,37,NULL),(727,37,NULL),(728,37,NULL),(729,37,NULL),(730,37,NULL),(731,37,NULL),(732,37,NULL),(733,37,NULL),(734,37,NULL),(735,37,NULL),(736,37,NULL),(737,37,NULL),(738,37,NULL),(739,37,NULL),(740,37,NULL),(741,38,NULL),(742,38,NULL),(743,38,NULL),(744,38,NULL),(745,38,NULL),(746,38,NULL),(747,38,NULL),(748,38,NULL),(749,38,NULL),(750,38,NULL),(751,38,NULL),(752,38,NULL),(753,38,NULL),(754,38,NULL),(755,38,NULL),(756,38,NULL),(757,38,NULL),(758,38,NULL),(759,38,NULL),(760,38,NULL),(761,39,NULL),(762,39,NULL),(763,39,NULL),(764,39,NULL),(765,39,NULL),(766,39,NULL),(767,39,NULL),(768,39,NULL),(769,39,NULL),(770,39,NULL),(771,39,NULL),(772,39,NULL),(773,39,NULL),(774,39,NULL),(775,39,NULL),(776,39,NULL),(777,39,NULL),(778,39,NULL),(779,39,NULL),(780,39,NULL),(781,40,NULL),(782,40,NULL),(783,40,NULL),(784,40,NULL),(785,40,NULL),(786,40,NULL),(787,40,NULL),(788,40,NULL),(789,40,NULL),(790,40,NULL),(791,40,NULL),(792,40,NULL),(793,40,NULL),(794,40,NULL),(795,40,NULL),(796,40,NULL),(797,40,NULL),(798,40,NULL),(799,40,NULL),(800,40,NULL),(801,41,NULL),(802,41,NULL),(803,41,NULL),(804,41,NULL),(805,41,NULL),(806,41,NULL),(807,41,NULL),(808,41,NULL),(809,41,NULL),(810,41,NULL),(811,41,NULL),(812,41,NULL),(813,41,NULL),(814,41,NULL),(815,41,NULL),(816,41,NULL),(817,41,NULL),(818,41,NULL),(819,41,NULL),(820,41,NULL),(821,42,NULL),(822,42,NULL),(823,42,NULL),(824,42,NULL),(825,42,NULL),(826,42,NULL),(827,42,NULL),(828,42,NULL),(829,42,NULL),(830,42,NULL),(831,42,NULL),(832,42,NULL),(833,42,NULL),(834,42,NULL),(835,42,NULL),(836,42,NULL),(837,42,NULL),(838,42,NULL),(839,42,NULL),(840,42,NULL),(841,43,NULL),(842,43,NULL),(843,43,NULL),(844,43,NULL),(845,43,NULL),(846,43,NULL),(847,43,NULL),(848,43,NULL),(849,43,NULL),(850,43,NULL),(851,43,NULL),(852,43,NULL),(853,43,NULL),(854,43,NULL),(855,43,NULL),(856,43,NULL),(857,43,NULL),(858,43,NULL),(859,43,NULL),(860,43,NULL),(861,44,NULL),(862,44,NULL),(863,44,NULL),(864,44,NULL),(865,44,NULL),(866,44,NULL),(867,44,NULL),(868,44,NULL),(869,44,NULL),(870,44,NULL),(871,44,NULL),(872,44,NULL),(873,44,NULL),(874,44,NULL),(875,44,NULL),(876,44,NULL),(877,44,NULL),(878,44,NULL),(879,44,NULL),(880,44,NULL),(881,45,NULL),(882,45,NULL),(883,45,NULL),(884,45,NULL),(885,45,NULL),(886,45,NULL),(887,45,NULL),(888,45,NULL),(889,45,NULL),(890,45,NULL),(891,45,NULL),(892,45,NULL),(893,45,NULL),(894,45,NULL),(895,45,NULL),(896,45,NULL),(897,45,NULL),(898,45,NULL),(899,45,NULL),(900,45,NULL),(901,46,NULL),(902,46,NULL),(903,46,NULL),(904,46,NULL),(905,46,NULL),(906,46,NULL),(907,46,NULL),(908,46,NULL),(909,46,NULL),(910,46,NULL),(911,46,NULL),(912,46,NULL),(913,46,NULL),(914,46,NULL),(915,46,NULL),(916,46,NULL),(917,46,NULL),(918,46,NULL),(919,46,NULL),(920,46,NULL),(921,47,NULL),(922,47,NULL),(923,47,NULL),(924,47,NULL),(925,47,NULL),(926,47,NULL),(927,47,NULL),(928,47,NULL),(929,47,NULL),(930,47,NULL),(931,47,NULL),(932,47,NULL),(933,47,NULL),(934,47,NULL),(935,47,NULL),(936,47,NULL),(937,47,NULL),(938,47,NULL),(939,47,NULL),(940,47,NULL),(941,48,NULL),(942,48,NULL),(943,48,NULL),(944,48,NULL),(945,48,NULL),(946,48,NULL),(947,48,NULL),(948,48,NULL),(949,48,NULL),(950,48,NULL),(951,48,NULL),(952,48,NULL),(953,48,NULL),(954,48,NULL),(955,48,NULL),(956,48,NULL),(957,48,NULL),(958,48,NULL),(959,48,NULL),(960,48,NULL),(961,49,NULL),(962,49,NULL),(963,49,NULL),(964,49,NULL),(965,49,NULL),(966,49,NULL),(967,49,NULL),(968,49,NULL),(969,49,NULL),(970,49,NULL),(971,49,NULL),(972,49,NULL),(973,49,NULL),(974,49,NULL),(975,49,NULL),(976,49,NULL),(977,49,NULL),(978,49,NULL),(979,49,NULL),(980,49,NULL),(981,50,NULL),(982,50,NULL),(983,50,NULL),(984,50,NULL),(985,50,NULL),(986,50,NULL),(987,50,NULL),(988,50,NULL),(989,50,NULL),(990,50,NULL),(991,50,NULL),(992,50,NULL),(993,50,NULL),(994,50,NULL),(995,50,NULL),(996,50,NULL),(997,50,NULL),(998,50,NULL),(999,50,NULL),(1000,50,NULL),(1001,51,NULL),(1002,51,NULL),(1003,51,NULL),(1004,51,NULL),(1005,51,NULL),(1006,51,NULL),(1007,51,NULL),(1008,51,NULL),(1009,51,NULL),(1010,51,NULL),(1011,51,NULL),(1012,51,NULL),(1013,51,NULL),(1014,51,NULL),(1015,51,NULL),(1016,51,NULL),(1017,51,NULL),(1018,51,NULL),(1019,51,NULL),(1020,51,NULL),(1021,52,NULL),(1022,52,NULL),(1023,52,NULL),(1024,52,NULL),(1025,52,NULL),(1026,52,NULL),(1027,52,NULL),(1028,52,NULL),(1029,52,NULL),(1030,52,NULL),(1031,52,NULL),(1032,52,NULL),(1033,52,NULL),(1034,52,NULL),(1035,52,NULL),(1036,52,NULL),(1037,52,NULL),(1038,52,NULL),(1039,52,NULL),(1040,52,NULL),(1041,53,NULL),(1042,53,NULL),(1043,53,NULL),(1044,53,NULL),(1045,53,NULL),(1046,53,NULL),(1047,53,NULL),(1048,53,NULL),(1049,53,NULL),(1050,53,NULL),(1051,53,NULL),(1052,53,NULL),(1053,53,NULL),(1054,53,NULL),(1055,53,NULL),(1056,53,NULL),(1057,53,NULL),(1058,53,NULL),(1059,53,NULL),(1060,53,NULL),(1061,54,NULL),(1062,54,NULL),(1063,54,NULL),(1064,54,NULL),(1065,54,NULL),(1066,54,NULL),(1067,54,NULL),(1068,54,NULL),(1069,54,NULL),(1070,54,NULL),(1071,54,NULL),(1072,54,NULL),(1073,54,NULL),(1074,54,NULL),(1075,54,NULL),(1076,54,NULL),(1077,54,NULL),(1078,54,NULL),(1079,54,NULL),(1080,54,NULL),(1081,55,NULL),(1082,55,NULL),(1083,55,NULL),(1084,55,NULL),(1085,55,NULL),(1086,55,NULL),(1087,55,NULL),(1088,55,NULL),(1089,55,NULL),(1090,55,NULL),(1091,55,NULL),(1092,55,NULL),(1093,55,NULL),(1094,55,NULL),(1095,55,NULL),(1096,55,NULL),(1097,55,NULL),(1098,55,NULL),(1099,55,NULL),(1100,55,NULL),(1101,56,NULL),(1102,56,NULL),(1103,56,NULL),(1104,56,NULL),(1105,56,NULL),(1106,56,NULL),(1107,56,NULL),(1108,56,NULL),(1109,56,NULL),(1110,56,NULL),(1111,56,NULL),(1112,56,NULL),(1113,56,NULL),(1114,56,NULL),(1115,56,NULL),(1116,56,NULL),(1117,56,NULL),(1118,56,NULL),(1119,56,NULL),(1120,56,NULL),(1121,57,NULL),(1122,57,NULL),(1123,57,NULL),(1124,57,NULL),(1125,57,NULL),(1126,57,NULL),(1127,57,NULL),(1128,57,NULL),(1129,57,NULL),(1130,57,NULL),(1131,57,NULL),(1132,57,NULL),(1133,57,NULL),(1134,57,NULL),(1135,57,NULL),(1136,57,NULL),(1137,57,NULL),(1138,57,NULL),(1139,57,NULL),(1140,57,NULL),(1141,58,NULL),(1142,58,NULL),(1143,58,NULL),(1144,58,NULL),(1145,58,NULL),(1146,58,NULL),(1147,58,NULL),(1148,58,NULL),(1149,58,NULL),(1150,58,NULL),(1151,58,NULL),(1152,58,NULL),(1153,58,NULL),(1154,58,NULL),(1155,58,NULL),(1156,58,NULL),(1157,58,NULL),(1158,58,NULL),(1159,58,NULL),(1160,58,NULL),(1161,59,NULL),(1162,59,NULL),(1163,59,NULL),(1164,59,NULL),(1165,59,NULL),(1166,59,NULL),(1167,59,NULL),(1168,59,NULL),(1169,59,NULL),(1170,59,NULL),(1171,59,NULL),(1172,59,NULL),(1173,59,NULL),(1174,59,NULL),(1175,59,NULL),(1176,59,NULL),(1177,59,NULL),(1178,59,NULL),(1179,59,NULL),(1180,59,NULL),(1181,60,NULL),(1182,60,NULL),(1183,60,NULL),(1184,60,NULL),(1185,60,NULL),(1186,60,NULL),(1187,60,NULL),(1188,60,NULL),(1189,60,NULL),(1190,60,NULL),(1191,60,NULL),(1192,60,NULL),(1193,60,NULL),(1194,60,NULL),(1195,60,NULL),(1196,60,NULL),(1197,60,NULL),(1198,60,NULL),(1199,60,NULL),(1200,60,NULL),(1201,61,NULL),(1202,61,NULL),(1203,61,NULL),(1204,61,NULL),(1205,61,NULL),(1206,61,NULL),(1207,61,NULL),(1208,61,NULL),(1209,61,NULL),(1210,61,NULL),(1211,61,NULL),(1212,61,NULL),(1213,61,NULL),(1214,61,NULL),(1215,61,NULL),(1216,61,NULL),(1217,61,NULL),(1218,61,NULL),(1219,61,NULL),(1220,61,NULL),(1221,62,NULL),(1222,62,NULL),(1223,62,NULL),(1224,62,NULL),(1225,62,NULL),(1226,62,NULL),(1227,62,NULL),(1228,62,NULL),(1229,62,NULL),(1230,62,NULL),(1231,62,NULL),(1232,62,NULL),(1233,62,NULL),(1234,62,NULL),(1235,62,NULL),(1236,62,NULL),(1237,62,NULL),(1238,62,NULL),(1239,62,NULL),(1240,62,NULL),(1241,63,NULL),(1242,63,NULL),(1243,63,NULL),(1244,63,NULL),(1245,63,NULL),(1246,63,NULL),(1247,63,NULL),(1248,63,NULL),(1249,63,NULL),(1250,63,NULL),(1251,63,NULL),(1252,63,NULL),(1253,63,NULL),(1254,63,NULL),(1255,63,NULL),(1256,63,NULL),(1257,63,NULL),(1258,63,NULL),(1259,63,NULL),(1260,63,NULL),(1261,64,NULL),(1262,64,NULL),(1263,64,NULL),(1264,64,NULL),(1265,64,NULL),(1266,64,NULL),(1267,64,NULL),(1268,64,NULL),(1269,64,NULL),(1270,64,NULL),(1271,64,NULL),(1272,64,NULL),(1273,64,NULL),(1274,64,NULL),(1275,64,NULL),(1276,64,NULL),(1277,64,NULL),(1278,64,NULL),(1279,64,NULL),(1280,64,NULL),(1281,65,NULL),(1282,65,NULL),(1283,65,NULL),(1284,65,NULL),(1285,65,NULL),(1286,65,NULL),(1287,65,NULL),(1288,65,NULL),(1289,65,NULL),(1290,65,NULL),(1291,65,NULL),(1292,65,NULL),(1293,65,NULL),(1294,65,NULL),(1295,65,NULL),(1296,65,NULL),(1297,65,NULL),(1298,65,NULL),(1299,65,NULL),(1300,65,NULL),(1301,66,NULL),(1302,66,NULL),(1303,66,NULL),(1304,66,NULL),(1305,66,NULL),(1306,66,NULL),(1307,66,NULL),(1308,66,NULL),(1309,66,NULL),(1310,66,NULL),(1311,66,NULL),(1312,66,NULL),(1313,66,NULL),(1314,66,NULL),(1315,66,NULL),(1316,66,NULL),(1317,66,NULL),(1318,66,NULL),(1319,66,NULL),(1320,66,NULL),(1321,67,NULL),(1322,67,NULL),(1323,67,NULL),(1324,67,NULL),(1325,67,NULL),(1326,67,NULL),(1327,67,NULL),(1328,67,NULL),(1329,67,NULL),(1330,67,NULL),(1331,67,NULL),(1332,67,NULL),(1333,67,NULL),(1334,67,NULL),(1335,67,NULL),(1336,67,NULL),(1337,67,NULL),(1338,67,NULL),(1339,67,NULL),(1340,67,NULL),(1341,68,NULL),(1342,68,NULL),(1343,68,NULL),(1344,68,NULL),(1345,68,NULL),(1346,68,NULL),(1347,68,NULL),(1348,68,NULL),(1349,68,NULL),(1350,68,NULL),(1351,68,NULL),(1352,68,NULL),(1353,68,NULL),(1354,68,NULL),(1355,68,NULL),(1356,68,NULL),(1357,68,NULL),(1358,68,NULL),(1359,68,NULL),(1360,68,NULL),(1361,69,NULL),(1362,69,NULL),(1363,69,NULL),(1364,69,NULL),(1365,69,NULL),(1366,69,NULL),(1367,69,NULL),(1368,69,NULL),(1369,69,NULL),(1370,69,NULL),(1371,69,NULL),(1372,69,NULL),(1373,69,NULL),(1374,69,NULL),(1375,69,NULL),(1376,69,NULL),(1377,69,NULL),(1378,69,NULL),(1379,69,NULL),(1380,69,NULL),(1381,70,NULL),(1382,70,NULL),(1383,70,NULL),(1384,70,NULL),(1385,70,NULL),(1386,70,NULL),(1387,70,NULL),(1388,70,NULL),(1389,70,NULL),(1390,70,NULL),(1391,70,NULL),(1392,70,NULL),(1393,70,NULL),(1394,70,NULL),(1395,70,NULL),(1396,70,NULL),(1397,70,NULL),(1398,70,NULL),(1399,70,NULL),(1400,70,NULL),(1401,71,NULL),(1402,71,NULL),(1403,71,NULL),(1404,71,NULL),(1405,71,NULL),(1406,71,NULL),(1407,71,NULL),(1408,71,NULL),(1409,71,NULL),(1410,71,NULL),(1411,71,NULL),(1412,71,NULL),(1413,71,NULL),(1414,71,NULL),(1415,71,NULL),(1416,71,NULL),(1417,71,NULL),(1418,71,NULL),(1419,71,NULL),(1420,71,NULL),(1421,72,NULL),(1422,72,NULL),(1423,72,NULL),(1424,72,NULL),(1425,72,NULL),(1426,72,NULL),(1427,72,NULL),(1428,72,NULL),(1429,72,NULL),(1430,72,NULL),(1431,72,NULL),(1432,72,NULL),(1433,72,NULL),(1434,72,NULL),(1435,72,NULL),(1436,72,NULL),(1437,72,NULL),(1438,72,NULL),(1439,72,NULL),(1440,72,NULL),(1441,73,NULL),(1442,73,NULL),(1443,73,NULL),(1444,73,NULL),(1445,73,NULL),(1446,73,NULL),(1447,73,NULL),(1448,73,NULL),(1449,73,NULL),(1450,73,NULL),(1451,73,NULL),(1452,73,NULL),(1453,73,NULL),(1454,73,NULL),(1455,73,NULL),(1456,73,NULL),(1457,73,NULL),(1458,73,NULL),(1459,73,NULL),(1460,73,NULL),(1461,74,NULL),(1462,74,NULL),(1463,74,NULL),(1464,74,NULL),(1465,74,NULL),(1466,74,NULL),(1467,74,NULL),(1468,74,NULL),(1469,74,NULL),(1470,74,NULL),(1471,74,NULL),(1472,74,NULL),(1473,74,NULL),(1474,74,NULL),(1475,74,NULL),(1476,74,NULL),(1477,74,NULL),(1478,74,NULL),(1479,74,NULL),(1480,74,NULL),(1481,75,NULL),(1482,75,NULL),(1483,75,NULL),(1484,75,NULL),(1485,75,NULL),(1486,75,NULL),(1487,75,NULL),(1488,75,NULL),(1489,75,NULL),(1490,75,NULL),(1491,75,NULL),(1492,75,NULL),(1493,75,NULL),(1494,75,NULL),(1495,75,NULL),(1496,75,NULL),(1497,75,NULL),(1498,75,NULL),(1499,75,NULL),(1500,75,NULL),(1501,76,NULL),(1502,76,NULL),(1503,76,NULL),(1504,76,NULL),(1505,76,NULL),(1506,76,NULL),(1507,76,NULL),(1508,76,NULL),(1509,76,NULL),(1510,76,NULL),(1511,76,NULL),(1512,76,NULL),(1513,76,NULL),(1514,76,NULL),(1515,76,NULL),(1516,76,NULL),(1517,76,NULL),(1518,76,NULL),(1519,76,NULL),(1520,76,NULL),(1521,77,NULL),(1522,77,NULL),(1523,77,NULL),(1524,77,NULL),(1525,77,NULL),(1526,77,NULL),(1527,77,NULL),(1528,77,NULL),(1529,77,NULL),(1530,77,NULL),(1531,77,NULL),(1532,77,NULL),(1533,77,NULL),(1534,77,NULL),(1535,77,NULL),(1536,77,NULL),(1537,77,NULL),(1538,77,NULL),(1539,77,NULL),(1540,77,NULL),(1541,78,NULL),(1542,78,NULL),(1543,78,NULL),(1544,78,NULL),(1545,78,NULL),(1546,78,NULL),(1547,78,NULL),(1548,78,NULL),(1549,78,NULL),(1550,78,NULL),(1551,78,NULL),(1552,78,NULL),(1553,78,NULL),(1554,78,NULL),(1555,78,NULL),(1556,78,NULL),(1557,78,NULL),(1558,78,NULL),(1559,78,NULL),(1560,78,NULL),(1561,79,NULL),(1562,79,NULL),(1563,79,NULL),(1564,79,NULL),(1565,79,NULL),(1566,79,NULL),(1567,79,NULL),(1568,79,NULL),(1569,79,NULL),(1570,79,NULL),(1571,79,NULL),(1572,79,NULL),(1573,79,NULL),(1574,79,NULL),(1575,79,NULL),(1576,79,NULL),(1577,79,NULL),(1578,79,NULL),(1579,79,NULL),(1580,79,NULL),(1581,80,NULL),(1582,80,NULL),(1583,80,NULL),(1584,80,NULL),(1585,80,NULL),(1586,80,NULL),(1587,80,NULL),(1588,80,NULL),(1589,80,NULL),(1590,80,NULL),(1591,80,NULL),(1592,80,NULL),(1593,80,NULL),(1594,80,NULL),(1595,80,NULL),(1596,80,NULL),(1597,80,NULL),(1598,80,NULL),(1599,80,NULL),(1600,80,NULL),(1601,81,NULL),(1602,81,NULL),(1603,81,NULL),(1604,81,NULL),(1605,81,NULL),(1606,81,NULL),(1607,81,NULL),(1608,81,NULL),(1609,81,NULL),(1610,81,NULL),(1611,81,NULL),(1612,81,NULL),(1613,81,NULL),(1614,81,NULL),(1615,81,NULL),(1616,81,NULL),(1617,81,NULL),(1618,81,NULL),(1619,81,NULL),(1620,81,NULL),(1621,82,NULL),(1622,82,NULL),(1623,82,NULL),(1624,82,NULL),(1625,82,NULL),(1626,82,NULL),(1627,82,NULL),(1628,82,NULL),(1629,82,NULL),(1630,82,NULL),(1631,82,NULL),(1632,82,NULL),(1633,82,NULL),(1634,82,NULL),(1635,82,NULL),(1636,82,NULL),(1637,82,NULL),(1638,82,NULL),(1639,82,NULL),(1640,82,NULL),(1641,83,NULL),(1642,83,NULL),(1643,83,NULL),(1644,83,NULL),(1645,83,NULL),(1646,83,NULL),(1647,83,NULL),(1648,83,NULL),(1649,83,NULL),(1650,83,NULL),(1651,83,NULL),(1652,83,NULL),(1653,83,NULL),(1654,83,NULL),(1655,83,NULL),(1656,83,NULL),(1657,83,NULL),(1658,83,NULL),(1659,83,NULL),(1660,83,NULL),(1661,84,NULL),(1662,84,NULL),(1663,84,NULL),(1664,84,NULL),(1665,84,NULL),(1666,84,NULL),(1667,84,NULL),(1668,84,NULL),(1669,84,NULL),(1670,84,NULL),(1671,84,NULL),(1672,84,NULL),(1673,84,NULL),(1674,84,NULL),(1675,84,NULL),(1676,84,NULL),(1677,84,NULL),(1678,84,NULL),(1679,84,NULL),(1680,84,NULL),(1681,85,NULL),(1682,85,NULL),(1683,85,NULL),(1684,85,NULL),(1685,85,NULL),(1686,85,NULL),(1687,85,NULL),(1688,85,NULL),(1689,85,NULL),(1690,85,NULL),(1691,85,NULL),(1692,85,NULL),(1693,85,NULL),(1694,85,NULL),(1695,85,NULL),(1696,85,NULL),(1697,85,NULL),(1698,85,NULL),(1699,85,NULL),(1700,85,NULL),(1701,86,NULL),(1702,86,NULL),(1703,86,NULL),(1704,86,NULL),(1705,86,NULL),(1706,86,NULL),(1707,86,NULL),(1708,86,NULL),(1709,86,NULL),(1710,86,NULL),(1711,86,NULL),(1712,86,NULL),(1713,86,NULL),(1714,86,NULL),(1715,86,NULL),(1716,86,NULL),(1717,86,NULL),(1718,86,NULL),(1719,86,NULL),(1720,86,NULL),(1721,87,NULL),(1722,87,NULL),(1723,87,NULL),(1724,87,NULL),(1725,87,NULL),(1726,87,NULL),(1727,87,NULL),(1728,87,NULL),(1729,87,NULL),(1730,87,NULL),(1731,87,NULL),(1732,87,NULL),(1733,87,NULL),(1734,87,NULL),(1735,87,NULL),(1736,87,NULL),(1737,87,NULL),(1738,87,NULL),(1739,87,NULL),(1740,87,NULL),(1741,88,NULL),(1742,88,NULL),(1743,88,NULL),(1744,88,NULL),(1745,88,NULL),(1746,88,NULL),(1747,88,NULL),(1748,88,NULL),(1749,88,NULL),(1750,88,NULL),(1751,88,NULL),(1752,88,NULL),(1753,88,NULL),(1754,88,NULL),(1755,88,NULL),(1756,88,NULL),(1757,88,NULL),(1758,88,NULL),(1759,88,NULL),(1760,88,NULL),(1761,89,NULL),(1762,89,NULL),(1763,89,NULL),(1764,89,NULL),(1765,89,NULL),(1766,89,NULL),(1767,89,NULL),(1768,89,NULL),(1769,89,NULL),(1770,89,NULL),(1771,89,NULL),(1772,89,NULL),(1773,89,NULL),(1774,89,NULL),(1775,89,NULL),(1776,89,NULL),(1777,89,NULL),(1778,89,NULL),(1779,89,NULL),(1780,89,NULL),(1781,90,NULL),(1782,90,NULL),(1783,90,NULL),(1784,90,NULL),(1785,90,NULL),(1786,90,NULL),(1787,90,NULL),(1788,90,NULL),(1789,90,NULL),(1790,90,NULL),(1791,90,NULL),(1792,90,NULL),(1793,90,NULL),(1794,90,NULL),(1795,90,NULL),(1796,90,NULL),(1797,90,NULL),(1798,90,NULL),(1799,90,NULL),(1800,90,NULL),(1801,91,NULL),(1802,91,NULL),(1803,91,NULL),(1804,91,NULL),(1805,91,NULL),(1806,91,NULL),(1807,91,NULL),(1808,91,NULL),(1809,91,NULL),(1810,91,NULL),(1811,91,NULL),(1812,91,NULL),(1813,91,NULL),(1814,91,NULL),(1815,91,NULL),(1816,91,NULL),(1817,91,NULL),(1818,91,NULL),(1819,91,NULL),(1820,91,NULL),(1821,92,NULL),(1822,92,NULL),(1823,92,NULL),(1824,92,NULL),(1825,92,NULL),(1826,92,NULL),(1827,92,NULL),(1828,92,NULL),(1829,92,NULL),(1830,92,NULL),(1831,92,NULL),(1832,92,NULL),(1833,92,NULL),(1834,92,NULL),(1835,92,NULL),(1836,92,NULL),(1837,92,NULL),(1838,92,NULL),(1839,92,NULL),(1840,92,NULL),(1841,93,NULL),(1842,93,NULL),(1843,93,NULL),(1844,93,NULL),(1845,93,NULL),(1846,93,NULL),(1847,93,NULL),(1848,93,NULL),(1849,93,NULL),(1850,93,NULL),(1851,93,NULL),(1852,93,NULL),(1853,93,NULL),(1854,93,NULL),(1855,93,NULL),(1856,93,NULL),(1857,93,NULL),(1858,93,NULL),(1859,93,NULL),(1860,93,NULL),(1861,94,NULL),(1862,94,NULL),(1863,94,NULL),(1864,94,NULL),(1865,94,NULL),(1866,94,NULL),(1867,94,NULL),(1868,94,NULL),(1869,94,NULL),(1870,94,NULL),(1871,94,NULL),(1872,94,NULL),(1873,94,NULL),(1874,94,NULL),(1875,94,NULL),(1876,94,NULL),(1877,94,NULL),(1878,94,NULL),(1879,94,NULL),(1880,94,NULL),(1881,95,NULL),(1882,95,NULL),(1883,95,NULL),(1884,95,NULL),(1885,95,NULL),(1886,95,NULL),(1887,95,NULL),(1888,95,NULL),(1889,95,NULL),(1890,95,NULL),(1891,95,NULL),(1892,95,NULL),(1893,95,NULL),(1894,95,NULL),(1895,95,NULL),(1896,95,NULL),(1897,95,NULL),(1898,95,NULL),(1899,95,NULL),(1900,95,NULL),(1901,96,NULL),(1902,96,NULL),(1903,96,NULL),(1904,96,NULL),(1905,96,NULL),(1906,96,NULL),(1907,96,NULL),(1908,96,NULL),(1909,96,NULL),(1910,96,NULL),(1911,96,NULL),(1912,96,NULL),(1913,96,NULL),(1914,96,NULL),(1915,96,NULL),(1916,96,NULL),(1917,96,NULL),(1918,96,NULL),(1919,96,NULL),(1920,96,NULL),(1921,97,NULL),(1922,97,NULL),(1923,97,NULL),(1924,97,NULL),(1925,97,NULL),(1926,97,NULL),(1927,97,NULL),(1928,97,NULL),(1929,97,NULL),(1930,97,NULL),(1931,97,NULL),(1932,97,NULL),(1933,97,NULL),(1934,97,NULL),(1935,97,NULL),(1936,97,NULL),(1937,97,NULL),(1938,97,NULL),(1939,97,NULL),(1940,97,NULL),(1941,98,NULL),(1942,98,NULL),(1943,98,NULL),(1944,98,NULL),(1945,98,NULL),(1946,98,NULL),(1947,98,NULL),(1948,98,NULL),(1949,98,NULL),(1950,98,NULL),(1951,98,NULL),(1952,98,NULL),(1953,98,NULL),(1954,98,NULL),(1955,98,NULL),(1956,98,NULL),(1957,98,NULL),(1958,98,NULL),(1959,98,NULL),(1960,98,NULL),(1961,99,NULL),(1962,99,NULL),(1963,99,NULL),(1964,99,NULL),(1965,99,NULL),(1966,99,NULL),(1967,99,NULL),(1968,99,NULL),(1969,99,NULL),(1970,99,NULL),(1971,99,NULL),(1972,99,NULL),(1973,99,NULL),(1974,99,NULL),(1975,99,NULL),(1976,99,NULL),(1977,99,NULL),(1978,99,NULL),(1979,99,NULL),(1980,99,NULL),(1981,100,NULL),(1982,100,NULL),(1983,100,NULL),(1984,100,NULL),(1985,100,NULL),(1986,100,NULL),(1987,100,NULL),(1988,100,NULL),(1989,100,NULL),(1990,100,NULL),(1991,100,NULL),(1992,100,NULL),(1993,100,NULL),(1994,100,NULL),(1995,100,NULL),(1996,100,NULL),(1997,100,NULL),(1998,100,NULL),(1999,100,NULL),(2000,100,NULL),(2001,102,NULL),(2002,102,NULL),(2003,102,NULL),(2004,102,NULL),(2005,102,NULL);
/*!40000 ALTER TABLE `item` ENABLE KEYS */;
UNLOCK TABLES;

--
-- Table structure for table `orders`
--

DROP TABLE IF EXISTS `orders`;
/*!40101 SET @saved_cs_client     = @@character_set_client */;
 SET character_set_client = utf8mb4 ;
CREATE TABLE `orders` (
  `id` bigint(20) NOT NULL AUTO_INCREMENT,
  `completed` bit(1) NOT NULL,
  `confirm` bit(1) NOT NULL,
  `date_of_complete` datetime(6) DEFAULT NULL,
  `date_of_create` datetime(6) DEFAULT NULL,
  `date_of_delivery` datetime(6) DEFAULT NULL,
  `delivery_method` int(11) DEFAULT NULL,
  `payment_confirm` bit(1) NOT NULL,
  `payment_method` int(11) DEFAULT NULL,
  `total` int(11) NOT NULL,
  `customer_id` bigint(20) DEFAULT NULL,
  `address` varchar(255) DEFAULT NULL,
  PRIMARY KEY (`id`),
  KEY `FK624gtjin3po807j3vix093tlf` (`customer_id`),
  CONSTRAINT `FK624gtjin3po807j3vix093tlf` FOREIGN KEY (`customer_id`) REFERENCES `customer` (`id`)
) ENGINE=InnoDB AUTO_INCREMENT=5 DEFAULT CHARSET=utf8mb4 COLLATE=utf8mb4_0900_ai_ci;
/*!40101 SET character_set_client = @saved_cs_client */;

--
-- Dumping data for table `orders`
--

LOCK TABLES `orders` WRITE;
/*!40000 ALTER TABLE `orders` DISABLE KEYS */;
INSERT INTO `orders` VALUES (1,_binary '',_binary '','2020-06-13 00:00:00.000000','2020-06-10 00:00:00.000000','2020-06-13 00:00:00.000000',2,_binary '',0,491000,101,'ул. Дворцовая пл., 2, Санкт-Петербург, 190000'),(2,_binary '',_binary '','2020-06-11 00:00:00.000000','2020-06-11 00:00:00.000000','2020-06-11 00:00:00.000000',3,_binary '',1,318000,101,'Московское ш., 81А, Самара, Самарская обл., 443111'),(4,_binary '\0',_binary '\0',NULL,'2020-06-12 00:00:00.000000','2020-06-29 00:00:00.000000',2,_binary '\0',4,730000,101,'Moscow build 53-76');
/*!40000 ALTER TABLE `orders` ENABLE KEYS */;
UNLOCK TABLES;

--
-- Table structure for table `user_role`
--

DROP TABLE IF EXISTS `user_role`;
/*!40101 SET @saved_cs_client     = @@character_set_client */;
 SET character_set_client = utf8mb4 ;
CREATE TABLE `user_role` (
  `user_id` bigint(20) NOT NULL,
  `roles` varchar(255) DEFAULT NULL,
  KEY `FKlkhooy5w45r7bji6wv27a0wuq` (`user_id`),
  CONSTRAINT `FKlkhooy5w45r7bji6wv27a0wuq` FOREIGN KEY (`user_id`) REFERENCES `account` (`id`)
) ENGINE=InnoDB DEFAULT CHARSET=utf8mb4 COLLATE=utf8mb4_0900_ai_ci;
/*!40101 SET character_set_client = @saved_cs_client */;

--
-- Dumping data for table `user_role`
--

LOCK TABLES `user_role` WRITE;
/*!40000 ALTER TABLE `user_role` DISABLE KEYS */;
INSERT INTO `user_role` VALUES (1,'MANAGER'),(2,'CUSTOMER'),(3,'CUSTOMER'),(4,'CUSTOMER'),(5,'CUSTOMER'),(6,'CUSTOMER'),(7,'CUSTOMER'),(8,'CUSTOMER'),(9,'CUSTOMER'),(10,'CUSTOMER'),(11,'CUSTOMER'),(12,'CUSTOMER'),(13,'CUSTOMER'),(14,'CUSTOMER'),(15,'CUSTOMER'),(16,'CUSTOMER'),(17,'CUSTOMER'),(18,'CUSTOMER'),(19,'CUSTOMER'),(20,'CUSTOMER'),(21,'CUSTOMER'),(22,'CUSTOMER'),(23,'CUSTOMER'),(24,'CUSTOMER'),(25,'CUSTOMER'),(26,'CUSTOMER'),(27,'CUSTOMER'),(28,'CUSTOMER'),(29,'CUSTOMER'),(30,'CUSTOMER'),(31,'CUSTOMER'),(32,'CUSTOMER'),(33,'CUSTOMER'),(34,'CUSTOMER'),(35,'CUSTOMER'),(36,'CUSTOMER'),(37,'CUSTOMER'),(38,'CUSTOMER'),(39,'CUSTOMER'),(40,'CUSTOMER'),(41,'CUSTOMER'),(42,'CUSTOMER'),(43,'CUSTOMER'),(44,'CUSTOMER'),(45,'CUSTOMER'),(46,'CUSTOMER'),(47,'CUSTOMER'),(48,'CUSTOMER'),(49,'CUSTOMER'),(50,'CUSTOMER'),(51,'CUSTOMER'),(52,'CUSTOMER'),(53,'CUSTOMER'),(54,'CUSTOMER'),(55,'CUSTOMER'),(56,'CUSTOMER'),(57,'CUSTOMER'),(58,'CUSTOMER'),(59,'CUSTOMER'),(60,'CUSTOMER'),(61,'CUSTOMER'),(62,'CUSTOMER'),(63,'CUSTOMER'),(64,'CUSTOMER'),(65,'CUSTOMER'),(66,'CUSTOMER'),(67,'CUSTOMER'),(68,'CUSTOMER'),(69,'CUSTOMER'),(70,'CUSTOMER'),(71,'CUSTOMER'),(72,'CUSTOMER'),(73,'CUSTOMER'),(74,'CUSTOMER'),(75,'CUSTOMER'),(76,'CUSTOMER'),(77,'CUSTOMER'),(78,'CUSTOMER'),(79,'CUSTOMER'),(80,'CUSTOMER'),(81,'CUSTOMER'),(82,'CUSTOMER'),(83,'CUSTOMER'),(84,'CUSTOMER'),(85,'CUSTOMER'),(86,'CUSTOMER'),(87,'CUSTOMER'),(88,'CUSTOMER'),(89,'CUSTOMER'),(90,'CUSTOMER'),(91,'CUSTOMER'),(92,'CUSTOMER'),(93,'CUSTOMER'),(94,'CUSTOMER'),(95,'CUSTOMER'),(96,'CUSTOMER'),(97,'CUSTOMER'),(98,'CUSTOMER'),(99,'CUSTOMER'),(100,'CUSTOMER'),(101,'CUSTOMER'),(102,'CUSTOMER');
/*!40000 ALTER TABLE `user_role` ENABLE KEYS */;
UNLOCK TABLES;
/*!40103 SET TIME_ZONE=@OLD_TIME_ZONE */;

/*!40101 SET SQL_MODE=@OLD_SQL_MODE */;
/*!40014 SET FOREIGN_KEY_CHECKS=@OLD_FOREIGN_KEY_CHECKS */;
/*!40014 SET UNIQUE_CHECKS=@OLD_UNIQUE_CHECKS */;
/*!40101 SET CHARACTER_SET_CLIENT=@OLD_CHARACTER_SET_CLIENT */;
/*!40101 SET CHARACTER_SET_RESULTS=@OLD_CHARACTER_SET_RESULTS */;
/*!40101 SET COLLATION_CONNECTION=@OLD_COLLATION_CONNECTION */;
/*!40111 SET SQL_NOTES=@OLD_SQL_NOTES */;

-- Dump completed on 2020-06-23 10:20:02
